Rk,Player,Tm,Age,Pos,G,GS,Tgt,Rec,Yds,TD,1D,YBC,YBC/R,YAC,YAC/R,ADOT,BrkTkl,Rec/Br,Drop,Drop%,Int,Rat,Player-additional,Year,G19,GS19,Tgt19,Rec19,Yds19,TD19,G18,GS18,Tgt18,Rec18,Yds18,TD18
1,Stefon Diggs*+,BUF,27,WR,16,15,166,127,1535,8,73.0,1071,8.4,464,3.7,10.1,5,25.4,8,4.8,2,115.4,DiggSt00,2020,15.0,15.0,94.0,63.0,1130.0,6.0,15.0,14.0,149.0,102.0,1021.0,9.0
2,Davante Adams*+,GNB,28,WR,14,14,149,115,1374,18,73.0,777,6.8,597,5.2,8.9,2,57.5,1,0.7,3,136.0,AdamDa01,2020,12.0,12.0,127.0,83.0,997.0,5.0,15.0,15.0,169.0,111.0,1386.0,13.0
3,DeAndre Hopkins*,ARI,28,WR,16,16,160,115,1407,6,75.0,873,7.6,534,4.6,8.9,15,7.7,2,1.3,2,105.9,HopkDe00,2020,15.0,15.0,150.0,104.0,1165.0,7.0,16.0,16.0,163.0,115.0,1572.0,11.0
4,Darren Waller*,LVR,28,TE,16,15,145,107,1196,9,69.0,624,5.8,572,5.3,7.8,7,15.3,4,2.8,3,110.0,WallDa01,2020,16.0,16.0,117.0,90.0,1145.0,3.0,4.0,0.0,6.0,6.0,75.0,0.0
5,Travis Kelce*+,KAN,31,TE,15,15,145,105,1416,11,79.0,829,7.9,587,5.6,8.5,10,10.5,2,1.4,3,119.8,KelcTr00,2020,16.0,16.0,136.0,97.0,1229.0,5.0,16.0,16.0,150.0,103.0,1336.0,10.0
6,Allen Robinson,CHI,27,WR,16,16,151,102,1250,6,68.0,931,9.1,319,3.1,9.6,5,20.4,3,2.0,5,92.3,RobiAl02,2020,16.0,15.0,154.0,98.0,1147.0,7.0,13.0,12.0,94.0,55.0,754.0,4.0
7,Keenan Allen*,LAC,28,WR,14,13,147,100,992,8,61.0,555,5.6,437,4.4,7.2,2,50.0,3,2.0,5,90.9,AlleKe00,2020,16.0,16.0,149.0,104.0,1199.0,6.0,16.0,14.0,136.0,97.0,1196.0,6.0
8,Tyler Lockett,SEA,28,WR,16,16,132,100,1054,10,57.0,727,7.3,327,3.3,9.7,2,50.0,8,6.1,1,120.6,LockTy00,2020,16.0,16.0,110.0,82.0,1057.0,8.0,16.0,14.0,70.0,57.0,965.0,10.0
9,JuJu Smith-Schuster,PIT,24,WR,16,14,128,97,831,9,48.0,422,4.4,409,4.2,5.5,4,24.3,3,2.3,5,99.4,SmitJu00,2020,12.0,12.0,70.0,42.0,552.0,3.0,16.0,13.0,166.0,111.0,1426.0,7.0
10,Robby Anderson,CAR,27,WR,16,16,136,95,1096,3,49.0,599,6.3,497,5.2,9.7,3,31.7,6,4.4,2,95.1,AndeRo04,2020,16.0,15.0,96.0,52.0,779.0,5.0,14.0,9.0,94.0,50.0,752.0,6.0
11,Amari Cooper,DAL,26,WR,16,15,130,92,1114,5,54.0,701,7.6,413,4.5,8.8,5,18.4,3,2.3,4,96.8,CoopAm00,2020,16.0,16.0,119.0,79.0,1189.0,8.0,15.0,15.0,107.0,75.0,1005.0,7.0
12,Cooper Kupp,LAR,27,WR,15,12,124,92,974,3,45.0,449,4.9,525,5.7,6.3,12,7.7,6,4.8,3,94.6,KuppCo00,2020,16.0,14.0,134.0,94.0,1161.0,10.0,8.0,8.0,55.0,40.0,566.0,6.0
13,Calvin Ridley,ATL,26,WR,15,15,143,90,1374,9,65.0,1099,12.2,275,3.1,14.3,3,30.0,6,4.2,5,101.0,RidlCa00,2020,13.0,10.0,93.0,63.0,866.0,7.0,16.0,5.0,92.0,64.0,821.0,10.0
14,Robert Woods,LAR,28,WR,16,16,129,90,936,6,46.0,442,4.9,494,5.5,7.0,2,45.0,4,3.1,5,89.8,WoodRo02,2020,15.0,15.0,139.0,90.0,1134.0,2.0,16.0,16.0,130.0,86.0,1219.0,6.0
15,Justin Jefferson*,MIN,21,WR,16,14,125,88,1400,7,58.0,947,10.8,453,5.1,11.4,9,9.8,2,1.6,4,112.7,JeffJu00,2020,,,,,,,,,,,,
16,Diontae Johnson,PIT,24,WR,15,13,144,88,923,7,45.0,529,6.0,394,4.5,7.9,5,17.6,13,9.0,2,90.1,JohnDi01,2020,16.0,12.0,92.0,59.0,680.0,5.0,,,,,,
17,Tyreek Hill*+,KAN,26,WR,15,15,135,87,1276,15,57.0,842,9.7,434,5.0,12.9,8,10.9,5,3.7,1,129.1,HillTy00,2020,12.0,12.0,89.0,58.0,860.0,7.0,16.0,16.0,137.0,87.0,1479.0,12.0
18,Terry McLaurin,WAS,25,WR,15,15,134,87,1118,4,51.0,640,7.4,478,5.5,9.7,9,9.7,3,2.2,3,91.6,McLaTe00,2020,14.0,14.0,93.0,58.0,919.0,7.0,,,,,,
19,Alvin Kamara*,NOR,25,RB,15,10,107,83,756,5,35.0,25,0.3,731,8.8,0.6,16,5.2,9,8.4,1,107.8,KamaAl00,2020,14.0,9.0,97.0,81.0,533.0,1.0,15.0,13.0,105.0,81.0,709.0,4.0
20,D.K. Metcalf*,SEA,23,WR,16,16,129,83,1303,10,63.0,940,11.3,363,4.4,13.7,8,10.4,8,6.2,4,110.7,MetcDK00,2020,16.0,15.0,100.0,58.0,900.0,7.0,,,,,,
21,Cole Beasley,BUF,31,WR,15,10,107,82,967,4,53.0,612,7.5,355,4.3,7.8,1,82.0,2,1.9,2,108.3,BeasCo00,2020,15.0,10.0,106.0,67.0,778.0,6.0,16.0,4.0,87.0,65.0,672.0,3.0
22,Brandin Cooks,HOU,27,WR,15,15,119,81,1150,6,51.0,800,9.9,350,4.3,11.8,3,27.0,2,1.7,4,101.9,CookBr00,2020,14.0,14.0,72.0,42.0,583.0,2.0,16.0,16.0,117.0,80.0,1204.0,5.0
23,J.D. McKissic,WAS,27,RB,16,7,110,80,589,2,32.0,86,1.1,503,6.3,1.7,4,20.0,2,1.8,3,79.7,McKiJ.00,2020,16.0,3.0,42.0,34.0,233.0,1.0,,,,,,
24,Tyler Boyd,CIN,26,WR,15,8,110,79,841,4,43.0,491,6.2,350,4.4,8.5,1,79.0,2,1.8,4,90.8,BoydTy00,2020,16.0,15.0,148.0,90.0,1046.0,5.0,14.0,14.0,108.0,76.0,1028.0,7.0
25,Curtis Samuel,CAR,24,WR,15,5,97,77,851,3,39.0,531,6.9,320,4.2,7.3,4,19.3,5,5.2,1,109.2,SamuCu00,2020,16.0,15.0,105.0,54.0,627.0,6.0,13.0,8.0,65.0,39.0,494.0,5.0
26,Marvin Jones,DET,30,WR,16,16,115,76,978,9,52.0,782,10.3,196,2.6,12.7,5,15.2,6,5.2,4,104.2,JoneMa02,2020,13.0,11.0,91.0,62.0,779.0,9.0,9.0,9.0,62.0,35.0,508.0,5.0
27,CeeDee Lamb,DAL,21,WR,16,14,111,74,935,5,46.0,624,8.4,311,4.2,9.3,3,24.7,8,7.2,2,100.2,LambCe00,2020,,,,,,,,,,,,
28,Adam Thielen,MIN,30,WR,15,15,108,74,925,14,52.0,682,9.2,243,3.3,11.5,2,37.0,7,6.5,4,119.0,ThieAd00,2020,10.0,10.0,48.0,30.0,418.0,6.0,16.0,16.0,153.0,113.0,1373.0,9.0
29,Russell Gage,ATL,24,WR,16,8,109,72,786,4,50.0,505,7.0,281,3.9,8.5,4,18.0,7,6.4,1,95.6,GageRu00,2020,16.0,4.0,74.0,49.0,446.0,1.0,15.0,0.0,10.0,6.0,63.0,0.0
30,Jarvis Landry,CLE,28,WR,15,14,101,72,840,3,46.0,499,6.9,341,4.7,8.2,4,18.0,6,5.9,1,101.9,LandJa00,2020,16.0,16.0,138.0,83.0,1174.0,6.0,16.0,14.0,149.0,81.0,976.0,4.0
31,Logan Thomas,WAS,29,TE,16,15,110,72,670,6,36.0,382,5.3,288,4.0,7.0,3,24.0,7,6.4,4,85.0,ThomLo00,2020,16.0,3.0,28.0,16.0,173.0,1.0,12.0,3.0,17.0,12.0,77.0,0.0
32,A.J. Brown*,TEN,23,WR,14,12,106,70,1075,11,55.0,643,9.2,432,6.2,10.9,13,5.4,5,4.7,2,126.1,BrowAJ00,2020,16.0,11.0,84.0,52.0,1051.0,8.0,,,,,,
33,Mike Evans,TAM,27,WR,16,16,109,70,1006,13,55.0,741,10.6,265,3.8,12.1,2,35.0,4,3.7,2,126.0,EvanMi00,2020,13.0,13.0,118.0,67.0,1157.0,8.0,16.0,16.0,138.0,86.0,1524.0,8.0
34,Tee Higgins,CIN,21,WR,16,14,108,67,908,6,52.0,598,8.9,310,4.6,11.5,5,13.4,8,7.4,1,103.5,HiggTe00,2020,,,,,,,,,,,,
35,T.J. Hockenson*,DET,23,TE,16,16,101,67,723,6,40.0,394,5.9,329,4.9,7.0,4,16.8,7,6.9,4,90.5,HockTJ00,2020,12.0,7.0,59.0,32.0,367.0,2.0,,,,,,
36,D.J. Moore,CAR,23,WR,15,14,118,66,1193,4,53.0,811,12.3,382,5.8,13.2,6,11.0,7,5.9,9,70.3,MoorD.00,2020,15.0,15.0,135.0,87.0,1175.0,4.0,16.0,10.0,82.0,55.0,788.0,2.0
37,Sterling Shepard,NYG,27,WR,12,12,90,66,656,3,37.0,452,6.8,204,3.1,8.3,2,33.0,1,1.1,1,100.0,ShepSt00,2020,10.0,10.0,83.0,57.0,576.0,3.0,16.0,16.0,107.0,66.0,872.0,4.0
38,Corey Davis,TEN,25,WR,14,12,92,65,984,5,49.0,693,10.7,291,4.5,11.7,3,21.7,3,3.3,0,123.6,DaviCo03,2020,15.0,11.0,69.0,43.0,601.0,2.0,16.0,16.0,112.0,65.0,891.0,4.0
39,Chris Godwin,TAM,24,WR,12,12,84,65,840,7,43.0,560,8.6,280,4.3,10.2,2,32.5,3,3.6,1,131.1,GodwCh00,2020,14.0,14.0,121.0,86.0,1333.0,9.0,16.0,5.0,95.0,59.0,842.0,7.0
40,Evan Engram*,NYG,26,TE,16,14,109,63,654,1,32.0,367,5.8,287,4.6,7.2,4,15.8,11,10.1,6,55.4,EngrEv00,2020,8.0,6.0,68.0,44.0,467.0,3.0,11.0,8.0,64.0,45.0,577.0,3.0
41,Nyheim Hines,IND,24,,16,2,76,63,482,4,24.0,12,0.2,470,7.5,0.7,5,12.6,1,1.3,0,110.6,HineNy00,2020,16.0,2.0,58.0,44.0,320.0,0.0,16.0,4.0,81.0,63.0,425.0,2.0
42,DeVante Parker,MIA,27,WR,14,11,103,63,793,4,45.0,620,9.8,173,2.7,9.7,6,10.5,6,5.8,2,90.0,ParkDe01,2020,16.0,14.0,128.0,72.0,1202.0,9.0,11.0,7.0,47.0,24.0,309.0,1.0
43,Dalton Schultz,DAL,24,TE,16,14,89,63,615,4,33.0,336,5.3,279,4.4,6.4,8,7.9,4,4.5,2,95.5,SchuDa00,2020,16.0,0.0,2.0,1.0,6.0,0.0,11.0,7.0,17.0,12.0,116.0,0.0
44,Chase Claypool,PIT,22,WR,16,6,109,62,873,9,41.0,544,8.8,329,5.3,13.2,3,20.7,6,5.5,0,110.4,ClayCh01,2020,,,,,,,,,,,,
45,Noah Fant,DEN,23,TE,15,14,93,62,673,3,34.0,296,4.8,377,6.1,6.7,4,15.5,5,5.4,2,89.6,FantNo00,2020,16.0,11.0,66.0,40.0,562.0,3.0,,,,,,
46,Darnell Mooney,CHI,23,WR,16,9,98,61,631,4,33.0,377,6.2,254,4.2,11.5,8,7.6,1,1.0,2,85.9,MoonDa00,2020,,,,,,,,,,,,
47,Emmanuel Sanders,NOR,33,WR,14,5,82,61,726,5,33.0,556,9.1,170,2.8,8.8,3,20.3,3,3.7,2,111.1,SandEm00,2020,17.0,16.0,97.0,66.0,869.0,5.0,12.0,12.0,98.0,71.0,868.0,4.0
48,Brandon Aiyuk,SFO,22,WR,12,11,96,60,748,5,42.0,459,7.7,289,4.8,9.4,7,8.6,5,5.2,4,86.6,AiyuBr00,2020,,,,,,,,,,,,
49,Hunter Henry,LAC,26,TE,14,14,93,60,613,4,35.0,387,6.5,226,3.8,8.0,3,20.0,2,2.2,1,93.2,HenrHu00,2020,12.0,12.0,76.0,55.0,652.0,5.0,,,,,,
50,Jamison Crowder,NYJ,27,WR,12,7,89,59,699,6,32.0,372,6.3,327,5.5,7.6,2,29.5,3,3.4,3,98.5,CrowJa00,2020,16.0,12.0,122.0,78.0,833.0,6.0,9.0,7.0,49.0,29.0,388.0,2.0
51,Mike Davis,CAR,27,RB,15,12,70,59,373,2,17.0,-45,-0.8,418,7.1,-0.5,11,5.4,2,2.9,1,92.4,DaviMi01,2020,12.0,1.0,8.0,7.0,22.0,0.0,15.0,2.0,42.0,34.0,214.0,1.0
52,Michael Gallup,DAL,24,WR,16,15,105,59,843,5,44.0,591,10.0,252,4.3,11.8,7,8.4,6,5.7,0,98.2,GallMi00,2020,14.0,12.0,113.0,66.0,1107.0,6.0,16.0,8.0,68.0,33.0,507.0,2.0
53,Jakobi Meyers,NWE,24,WR,14,9,81,59,729,0,37.0,513,8.7,216,3.7,10.2,4,14.8,4,4.9,2,90.0,MeyeJa01,2020,15.0,1.0,41.0,26.0,359.0,0.0,,,,,,
54,Mark Andrews,BAL,25,,14,2,88,58,701,7,37.0,519,8.9,182,3.1,10.2,2,29.0,5,5.7,1,112.0,AndrMa00,2020,15.0,4.0,98.0,64.0,852.0,10.0,16.0,3.0,50.0,34.0,552.0,3.0
55,Marquise Brown,BAL,23,WR,16,14,100,58,769,8,35.0,495,8.5,274,4.7,12.9,4,14.5,6,6.0,4,92.5,BrowMa04,2020,14.0,11.0,71.0,46.0,584.0,7.0,,,,,,
56,Laviska Shenault Jr.,JAX,22,WR,14,12,79,58,600,5,33.0,302,5.2,298,5.1,6.2,8,7.3,3,3.8,0,116.0,ShenLa00,2020,,,,,,,,,,,,
57,Eric Ebron,PIT,27,TE,15,9,91,56,558,5,30.0,366,6.5,192,3.4,7.1,0,,7,7.7,1,92.7,EbroEr00,2020,11.0,2.0,52.0,31.0,375.0,3.0,16.0,8.0,110.0,66.0,750.0,13.0
58,T.Y. Hilton,IND,31,WR,15,15,93,56,762,5,42.0,568,10.1,194,3.5,12.5,3,18.7,3,3.2,3,90.9,HiltT.00,2020,10.0,10.0,68.0,45.0,501.0,5.0,14.0,14.0,120.0,76.0,1270.0,6.0
59,Hayden Hurst,ATL,27,TE,16,9,88,56,571,6,35.0,326,5.8,245,4.4,6.8,2,28.0,4,4.5,2,95.4,HursHa00,2020,16.0,4.0,39.0,30.0,349.0,2.0,12.0,0.0,23.0,13.0,163.0,1.0
60,Hunter Renfrow,LVR,25,WR,16,6,77,56,656,2,32.0,318,5.7,338,6.0,7.1,5,11.2,2,2.6,0,106.8,RenfHu00,2020,13.0,4.0,71.0,49.0,605.0,4.0,,,,,,
61,Keelan Cole,JAX,27,WR,16,5,88,55,642,5,34.0,468,8.5,174,3.2,10.9,2,27.5,6,6.8,1,98.8,ColeKe00,2020,16.0,1.0,35.0,24.0,361.0,3.0,16.0,11.0,70.0,38.0,491.0,1.0
62,Austin Ekeler,LAC,25,RB,10,10,65,54,403,2,20.0,-70,-1.3,473,8.8,-1.2,7,7.7,2,3.1,0,102.8,EkelAu00,2020,16.0,8.0,108.0,92.0,993.0,8.0,14.0,3.0,53.0,39.0,404.0,3.0
63,Larry Fitzgerald,ARI,37,WR,13,13,72,54,409,1,25.0,224,4.1,185,3.4,6.0,0,,1,1.4,2,81.3,FitzLa00,2020,16.0,16.0,109.0,75.0,804.0,4.0,16.0,16.0,112.0,69.0,734.0,6.0
64,David Montgomery,CHI,23,RB,15,14,68,54,438,2,25.0,42,0.8,396,7.3,0.9,11,4.9,3,4.4,0,103.3,MontDa01,2020,16.0,8.0,35.0,25.0,185.0,1.0,,,,,,
65,DJ Chark,JAX,24,WR,13,12,93,53,706,5,37.0,541,10.2,165,3.1,14.0,0,,2,2.2,5,76.7,CharDJ00,2020,15.0,14.0,118.0,73.0,1008.0,8.0,11.0,0.0,32.0,14.0,174.0,0.0
66,Chase Edmonds,ARI,24,,16,2,67,53,402,4,21.0,76,1.4,326,6.2,2.0,6,8.8,1,1.5,0,111.6,EdmoCh00,2020,13.0,2.0,21.0,12.0,105.0,1.0,16.0,0.0,23.0,20.0,103.0,0.0
67,Will Fuller,HOU,26,WR,11,11,75,53,879,8,38.0,588,11.1,291,5.5,12.5,4,13.3,3,4.0,2,134.2,FullWi01,2020,11.0,11.0,71.0,49.0,670.0,3.0,7.0,7.0,45.0,32.0,503.0,4.0
68,Mike Gesicki,MIA,25,TE,15,9,85,53,703,6,36.0,536,10.1,167,3.2,11.1,0,,2,2.4,3,97.3,GesiMi00,2020,16.0,5.0,89.0,51.0,570.0,5.0,16.0,7.0,32.0,22.0,202.0,0.0
69,Greg Ward,PHI,25,WR,16,10,79,53,419,6,24.0,255,4.8,164,3.1,5.6,1,53.0,2,2.5,2,94.9,WardGr02,2020,7.0,3.0,40.0,28.0,254.0,1.0,,,,,,
70,Ezekiel Elliott,DAL,25,RB,15,15,71,52,338,2,20.0,-22,-0.4,360,6.9,-0.2,2,26.0,8,11.3,3,74.7,ElliEz00,2020,16.0,16.0,71.0,54.0,420.0,2.0,15.0,15.0,95.0,77.0,567.0,3.0
71,Jerry Jeudy,DEN,21,WR,16,14,113,52,856,3,39.0,572,11.0,284,5.5,13.5,5,10.4,10,8.8,6,58.7,JeudJe00,2020,,,,,,,,,,,,
72,Josh Reynolds,LAR,25,WR,16,13,81,52,618,2,31.0,393,7.6,225,4.3,10.9,2,26.0,3,3.7,2,85.3,ReynJo00,2020,16.0,2.0,43.0,21.0,326.0,1.0,16.0,8.0,53.0,29.0,402.0,5.0
73,Robert Tonyan,GNB,26,TE,16,8,59,52,586,11,33.0,363,7.0,223,4.3,7.7,0,,0,0.0,0,147.6,TonyRo00,2020,11.0,1.0,15.0,10.0,100.0,1.0,16.0,1.0,6.0,4.0,77.0,1.0
74,Julio Jones,ATL,31,WR,9,9,68,51,771,3,36.0,540,10.6,231,4.5,11.2,7,7.3,3,4.4,0,126.5,JoneJu02,2020,15.0,15.0,157.0,99.0,1394.0,6.0,16.0,16.0,170.0,113.0,1677.0,8.0
75,Tim Patrick,DEN,27,WR,15,15,79,51,742,6,33.0,504,9.9,238,4.7,12.5,3,17.0,0,0.0,3,104.5,PatrTi00,2020,8.0,2.0,31.0,16.0,218.0,0.0,16.0,4.0,41.0,23.0,315.0,1.0
76,Jimmy Graham,CHI,34,TE,16,15,76,50,456,8,32.0,258,5.2,198,4.0,6.8,1,50.0,1,1.3,3,100.5,GrahJi00,2020,16.0,10.0,60.0,38.0,447.0,3.0,16.0,12.0,89.0,55.0,636.0,2.0
77,Darius Slayton,NYG,23,WR,16,15,96,50,751,3,40.0,592,11.8,159,3.2,13.6,1,50.0,6,6.3,2,79.8,SlayDa01,2020,14.0,9.0,84.0,48.0,740.0,8.0,,,,,,
78,Kendrick Bourne,SFO,25,WR,15,5,74,49,667,2,35.0,448,9.1,219,4.5,9.3,3,16.3,6,8.1,2,92.6,BourKe00,2020,16.0,0.0,44.0,30.0,358.0,5.0,16.0,8.0,66.0,42.0,487.0,4.0
79,Anthony Miller,CHI,26,WR,16,6,76,49,485,2,23.0,337,6.9,148,3.0,9.7,1,49.0,4,5.3,3,74.7,MillAn02,2020,16.0,7.0,85.0,52.0,656.0,2.0,15.0,4.0,54.0,33.0,423.0,7.0
80,James Robinson,JAX,22,RB,14,14,60,49,344,3,15.0,-39,-0.8,383,7.8,-0.8,5,9.8,2,3.3,0,107.2,RobiJa00,2020,,,,,,,,,,,,
81,James White,NWE,28,,14,0,62,49,375,1,20.0,-36,-0.7,411,8.4,-0.6,2,24.5,3,4.8,1,90.5,WhitJa02,2020,15.0,1.0,95.0,72.0,645.0,5.0,16.0,3.0,123.0,87.0,751.0,7.0
82,Nelson Agholor,LVR,27,WR,16,13,82,48,896,8,37.0,666,13.9,230,4.8,15.5,3,16.0,5,6.1,3,113.7,AghoNe00,2020,11.0,10.0,69.0,39.0,363.0,3.0,16.0,16.0,97.0,64.0,736.0,4.0
83,Christian Kirk,ARI,24,WR,14,10,79,48,621,6,30.0,446,9.3,175,3.6,11.8,1,48.0,2,2.5,3,95.0,KirkCh01,2020,13.0,13.0,108.0,68.0,709.0,3.0,12.0,7.0,68.0,43.0,590.0,3.0
84,George Kittle,SFO,27,TE,8,8,63,48,634,2,32.0,337,7.0,297,6.2,7.3,1,48.0,5,7.9,2,104.9,KittGe00,2020,14.0,14.0,107.0,85.0,1053.0,5.0,16.0,16.0,136.0,88.0,1377.0,5.0
85,Mike Williams,LAC,26,WR,15,11,85,48,756,5,35.0,594,12.4,162,3.4,14.5,0,,3,3.5,2,96.0,WillMi07,2020,15.0,15.0,90.0,49.0,1001.0,2.0,16.0,5.0,66.0,43.0,664.0,10.0
86,Giovani Bernard,CIN,29,RB,16,10,59,47,355,3,15.0,5,0.1,350,7.4,1.3,2,23.5,4,6.8,1,101.6,BernGi00,2020,16.0,2.0,43.0,30.0,234.0,0.0,12.0,4.0,48.0,35.0,218.0,0.0
87,Damiere Byrd,NWE,27,WR,16,14,77,47,604,1,29.0,432,9.2,172,3.7,11.5,3,15.7,4,5.2,3,73.7,ByrdDa00,2020,11.0,3.0,46.0,32.0,359.0,1.0,8.0,0.0,2.0,1.0,8.0,0.0
88,A.J. Green,CIN,32,WR,16,14,104,47,523,2,34.0,437,9.3,86,1.8,13.7,2,23.5,3,2.9,3,55.1,GreeA.00,2020,,,,,,,9.0,9.0,77.0,46.0,694.0,6.0
89,Aaron Jones*,GNB,26,RB,14,14,63,47,355,2,15.0,-10,-0.2,365,7.8,1.2,6,7.8,4,6.3,0,98.3,JoneAa00,2020,16.0,16.0,68.0,49.0,474.0,3.0,12.0,8.0,35.0,26.0,206.0,1.0
90,Danny Amendola,DET,35,WR,14,5,69,46,602,0,30.0,312,6.8,290,6.3,8.1,5,9.2,2,2.9,2,81.9,AmenDa00,2020,15.0,10.0,97.0,62.0,678.0,1.0,15.0,15.0,79.0,59.0,575.0,1.0
91,Dallas Goedert,PHI,25,TE,11,9,65,46,524,3,28.0,318,6.9,206,4.5,8.5,6,7.7,1,1.5,1,103.6,GoedDa00,2020,15.0,9.0,87.0,58.0,607.0,5.0,16.0,8.0,44.0,33.0,334.0,4.0
92,Austin Hooper,CLE,26,TE,13,13,70,46,435,4,27.0,261,5.7,174,3.8,6.4,1,46.0,2,2.9,1,95.8,HoopAu00,2020,13.0,10.0,97.0,75.0,787.0,6.0,16.0,7.0,88.0,71.0,660.0,4.0
93,D'Andre Swift,DET,21,,13,4,57,46,357,2,15.0,6,0.1,351,7.6,0.9,2,23.0,5,8.8,0,104.5,SwifDA00,2020,,,,,,,,,,,,
94,Antonio Brown,TAM,32,,8,4,62,45,483,4,27.0,232,5.2,251,5.6,8.9,3,15.0,0,0.0,1,109.8,BrowAn04,2020,1.0,0.0,8.0,4.0,56.0,1.0,15.0,15.0,168.0,104.0,1297.0,15.0
95,Rob Gronkowski,TAM,31,TE,16,16,77,45,623,7,29.0,377,8.4,246,5.5,11.0,1,45.0,2,2.6,2,104.0,GronRo00,2020,,,,,,,13.0,11.0,72.0,47.0,682.0,3.0
96,Demarcus Robinson,KAN,26,WR,16,9,59,45,466,3,26.0,293,6.5,173,3.8,8.9,1,45.0,1,1.7,1,108.4,RobiDe01,2020,16.0,10.0,55.0,32.0,449.0,4.0,16.0,5.0,33.0,22.0,288.0,4.0
97,Dalvin Cook*,MIN,25,RB,14,14,54,44,361,1,17.0,-77,-1.8,438,10.0,-1.8,6,7.3,3,5.6,1,93.0,CookDa01,2020,14.0,14.0,63.0,53.0,519.0,0.0,11.0,10.0,49.0,40.0,305.0,2.0
98,Tyler Higbee,LAR,27,TE,15,15,60,44,521,5,27.0,283,6.4,238,5.4,8.0,4,11.0,3,5.0,0,127.2,HigbTy00,2020,15.0,15.0,89.0,69.0,734.0,3.0,16.0,16.0,34.0,24.0,292.0,2.0
99,Zach Pascal,IND,26,WR,16,14,71,44,629,5,29.0,396,9.0,233,5.3,10.9,1,44.0,3,4.2,2,102.4,PascZa00,2020,16.0,13.0,72.0,41.0,607.0,5.0,16.0,4.0,46.0,27.0,268.0,2.0
100,Gerald Everett,LAR,26,TE,16,7,62,41,417,1,24.0,174,4.2,243,5.9,6.2,6,6.8,7,11.3,1,83.9,EverGe00,2020,13.0,2.0,60.0,37.0,408.0,2.0,16.0,0.0,50.0,33.0,320.0,3.0
101,Myles Gaskin,MIA,23,RB,10,7,47,41,388,2,12.0,0,0.0,388,9.5,0.2,4,10.3,2,4.3,0,115.2,GaskMy00,2020,7.0,0.0,12.0,7.0,51.0,0.0,,,,,,
102,Mecole Hardman,KAN,22,WR,16,8,62,41,560,4,23.0,275,6.7,285,7.0,10.6,2,20.5,8,12.9,0,116.3,HardMe00,2020,16.0,5.0,41.0,26.0,538.0,6.0,,,,,,
103,Jonnu Smith,TEN,25,TE,15,14,65,41,448,8,25.0,210,5.1,238,5.8,5.5,2,20.5,3,4.6,2,110.1,SmitJo01,2020,16.0,14.0,44.0,35.0,439.0,3.0,13.0,12.0,30.0,20.0,258.0,3.0
104,Chris Conley,JAX,28,,15,4,63,40,471,2,24.0,291,7.3,180,4.5,10.3,4,10.0,4,6.3,1,90.1,ConlCh00,2020,16.0,14.0,90.0,47.0,775.0,5.0,16.0,13.0,52.0,32.0,334.0,5.0
105,Michael Pittman Jr.,IND,23,WR,13,8,61,40,503,1,22.0,210,5.3,293,7.3,8.4,2,20.0,1,1.6,1,89.7,PittMi01,2020,,,,,,,,,,,,
106,Drew Sample,CIN,24,TE,16,13,53,40,349,1,16.0,151,3.8,198,5.0,4.2,5,8.0,3,5.7,1,90.8,SampDr00,2020,9.0,2.0,6.0,5.0,30.0,0.0,,,,,,
107,Michael Thomas,NOR,27,WR,7,5,55,40,438,0,25.0,356,8.9,82,2.1,9.6,1,40.0,1,1.8,1,88.3,ThomMi05,2020,16.0,15.0,185.0,149.0,1725.0,9.0,16.0,16.0,147.0,125.0,1405.0,9.0
108,Anthony Firkser,TEN,25,,16,1,53,39,387,1,26.0,244,6.3,143,3.7,7.0,4,9.8,1,1.9,0,100.1,FirkAn00,2020,15.0,1.0,24.0,14.0,204.0,1.0,12.0,0.0,20.0,19.0,225.0,1.0
109,Randall Cobb,HOU,30,,10,2,48,38,441,3,20.0,270,7.1,171,4.5,6.7,1,38.0,0,0.0,0,125.8,CobbRa00,2020,15.0,6.0,83.0,55.0,828.0,3.0,9.0,6.0,61.0,38.0,383.0,2.0
110,Travis Fulgham,PHI,25,WR,13,8,67,38,539,4,26.0,439,11.6,100,2.6,12.0,3,12.7,2,3.0,1,96.5,FulgTr00,2020,,,,,,,,,,,,
111,Kareem Hunt,CLE,25,RB,16,5,51,38,304,5,19.0,24,0.6,280,7.4,1.4,5,7.6,4,7.8,0,121.7,HuntKa00,2020,8.0,3.0,44.0,37.0,285.0,1.0,11.0,11.0,35.0,26.0,378.0,7.0
112,Devin Singletary,BUF,23,RB,16,16,50,38,269,0,8.0,0,0.0,269,7.1,1.0,4,9.5,3,6.0,0,87.8,SingDe00,2020,12.0,8.0,41.0,29.0,194.0,2.0,,,,,,
113,Jordan Akins,HOU,28,TE,13,5,49,37,403,1,20.0,231,6.2,172,4.6,7.5,3,12.3,3,6.1,0,106.1,AkinJo00,2020,16.0,9.0,55.0,36.0,418.0,2.0,16.0,6.0,25.0,17.0,225.0,0.0
114,Braxton Berrios,NYJ,25,,16,2,55,37,394,3,19.0,178,4.8,216,5.8,7.6,2,18.5,3,5.5,1,98.6,BerrBr00,2020,16.0,0.0,13.0,6.0,115.0,0.0,,,,,,
115,Chris Carson,SEA,26,RB,12,12,46,37,287,4,14.0,30,0.8,257,6.9,1.3,3,12.3,3,6.5,4,85.4,CarsCh00,2020,15.0,15.0,47.0,37.0,266.0,2.0,14.0,14.0,24.0,20.0,163.0,0.0
116,Jared Cook,NOR,33,TE,15,5,60,37,504,7,27.0,380,10.3,124,3.4,11.5,2,18.5,2,3.3,1,120.4,CookJa02,2020,14.0,7.0,65.0,43.0,705.0,9.0,16.0,14.0,101.0,68.0,896.0,6.0
117,Rashard Higgins,CLE,26,WR,13,6,52,37,599,4,26.0,521,14.1,78,2.1,14.1,0,,0,0.0,2,119.0,HiggRa00,2020,10.0,1.0,11.0,4.0,55.0,1.0,13.0,1.0,53.0,39.0,572.0,4.0
118,Sammy Watkins,KAN,27,WR,10,9,55,37,421,2,27.0,264,7.1,157,4.2,8.1,2,18.5,3,5.5,0,102.2,WatkSa00,2020,14.0,13.0,90.0,52.0,673.0,3.0,10.0,9.0,55.0,40.0,519.0,3.0
119,Clyde Edwards-Helaire,KAN,21,RB,13,13,54,36,297,1,12.0,2,0.1,295,8.2,0.6,10,3.6,3,5.6,1,79.0,EdwaCl00,2020,,,,,,,,,,,,
120,Tyler Eifert,JAX,30,,15,4,60,36,349,2,22.0,236,6.6,113,3.1,8.2,0,,0,0.0,4,59.7,EifeTy00,2020,16.0,4.0,63.0,43.0,436.0,3.0,4.0,2.0,19.0,15.0,179.0,1.0
121,Zach Ertz,PHI,30,TE,11,11,72,36,335,1,16.0,247,6.9,88,2.4,7.4,0,,5,6.9,3,50.4,ErtzZa00,2020,15.0,15.0,135.0,88.0,916.0,6.0,16.0,16.0,156.0,116.0,1163.0,8.0
122,Leonard Fournette,TAM,25,,13,3,47,36,233,0,9.0,-2,-0.1,235,6.5,0.1,5,7.2,7,14.9,0,86.6,FourLe00,2020,15.0,15.0,100.0,76.0,522.0,0.0,8.0,8.0,26.0,22.0,185.0,1.0
123,Antonio Gibson,WAS,22,RB,14,10,44,36,247,0,9.0,-54,-1.5,301,8.4,-0.8,8,4.5,2,4.5,0,90.1,GibsAn00,2020,,,,,,,,,,,,
124,Jakeem Grant,MIA,28,,14,4,54,36,373,1,22.0,201,5.6,172,4.8,10.5,9,4.0,3,5.6,2,77.2,GranJa00,2020,10.0,2.0,33.0,19.0,164.0,0.0,10.0,2.0,34.0,21.0,268.0,2.0
125,Jonathan Taylor,IND,21,RB,15,13,39,36,299,1,12.0,-68,-1.9,367,10.2,-1.3,3,12.0,1,2.6,0,107.2,TaylJo02,2020,,,,,,,,,,,,
126,James Conner,PIT,25,RB,13,11,43,35,215,0,10.0,-15,-0.4,230,6.6,-0.1,3,11.7,4,9.3,0,87.5,ConnJa00,2020,10.0,10.0,38.0,34.0,251.0,3.0,13.0,12.0,71.0,55.0,497.0,1.0
127,Gabriel Davis,BUF,21,WR,16,11,62,35,599,7,27.0,468,13.4,131,3.7,15.2,1,35.0,3,4.8,4,100.1,DaviGa01,2020,,,,,,,,,,,,
128,David Moore,SEA,25,WR,16,6,47,35,417,6,18.0,248,7.1,169,4.8,8.9,0,,3,6.4,0,140.7,MoorDa03,2020,14.0,1.0,34.0,17.0,301.0,2.0,16.0,7.0,53.0,26.0,445.0,5.0
129,Golden Tate,NYG,32,,12,4,52,35,388,2,19.0,313,8.9,75,2.1,8.8,0,,1,1.9,1,94.1,TateGo00,2020,11.0,10.0,85.0,49.0,676.0,6.0,15.0,7.0,113.0,74.0,795.0,4.0
130,Tre'Quan Smith,NOR,24,WR,14,10,50,34,448,4,22.0,313,9.2,135,4.0,9.0,5,6.8,4,8.0,0,122.7,SmitTr03,2020,11.0,6.0,25.0,18.0,234.0,5.0,15.0,7.0,44.0,28.0,427.0,5.0
131,John Brown,BUF,30,WR,9,8,52,33,458,3,22.0,281,8.5,177,5.4,12.4,0,,2,3.8,0,110.9,BrowJo02,2020,15.0,15.0,115.0,72.0,1060.0,6.0,16.0,15.0,97.0,42.0,715.0,5.0
132,Keke Coutee,HOU,23,,8,4,40,33,400,3,19.0,252,7.6,148,4.5,9.4,4,8.3,0,0.0,0,133.3,CoutKe00,2020,9.0,4.0,36.0,22.0,254.0,0.0,6.0,2.0,41.0,28.0,287.0,1.0
133,N'Keal Harry,NWE,23,WR,14,9,57,33,309,2,15.0,204,6.2,105,3.2,8.0,4,8.3,1,1.8,2,70.0,HarrNK00,2020,7.0,5.0,24.0,12.0,105.0,2.0,,,,,,
134,Josh Jacobs*,LVR,22,RB,15,15,45,33,238,0,9.0,0,0.0,238,7.2,0.7,4,8.3,2,4.4,0,85.2,JacoJo01,2020,13.0,13.0,27.0,20.0,166.0,0.0,,,,,,
135,David Johnson,HOU,29,RB,12,12,46,33,314,2,16.0,79,2.4,235,7.1,3.7,0,,2,4.3,0,104.8,JohnDa08,2020,13.0,9.0,47.0,36.0,370.0,4.0,16.0,16.0,76.0,50.0,446.0,3.0
136,Allen Lazard,GNB,25,WR,10,9,46,33,451,3,23.0,256,7.8,195,5.9,10.0,0,,5,10.9,0,124.5,LazaAl00,2020,16.0,3.0,52.0,35.0,477.0,3.0,1.0,0.0,1.0,1.0,7.0,0.0
137,Jerick McKinnon,SFO,28,,16,4,46,33,253,1,12.0,75,2.3,178,5.4,3.4,1,33.0,2,4.3,3,64.9,McKiJe00,2020,,,,,,,,,,,,
138,Scott Miller,TAM,23,WR,16,5,53,33,501,3,20.0,392,11.9,109,3.3,15.8,1,33.0,2,3.8,2,96.5,MillSc01,2020,10.0,2.0,26.0,13.0,200.0,1.0,,,,,,
139,Deebo Samuel,SFO,24,WR,7,5,44,33,391,1,19.0,-7,-0.2,398,12.1,2.2,6,5.5,3,6.8,2,90.2,SamuDe00,2020,15.0,11.0,81.0,57.0,802.0,3.0,,,,,,
140,Willie Snead,BAL,28,WR,13,8,48,33,432,3,23.0,245,7.4,187,5.7,8.9,7,4.7,3,6.3,1,109.0,SneaWi00,2020,16.0,11.0,46.0,31.0,339.0,5.0,16.0,10.0,95.0,62.0,651.0,1.0
141,Marquez Valdes-Scantling,GNB,26,WR,16,12,63,33,690,6,27.0,449,13.6,241,7.3,18.3,1,33.0,7,11.1,2,109.9,ValdMa00,2020,16.0,10.0,56.0,26.0,452.0,2.0,16.0,10.0,73.0,38.0,581.0,2.0
142,Melvin Gordon,DEN,27,RB,15,10,44,32,158,1,7.0,-9,-0.3,167,5.2,0.1,4,8.0,3,6.8,0,85.2,GordMe00,2020,12.0,11.0,55.0,42.0,296.0,1.0,12.0,12.0,66.0,50.0,490.0,4.0
143,Cam Sims,WAS,24,WR,16,10,48,32,477,1,18.0,228,7.1,249,7.8,10.9,5,6.4,1,2.1,3,79.9,SimsCa00,2020,7.0,1.0,3.0,2.0,27.0,0.0,,,,,,
144,Mo Alie-Cox,IND,27,TE,15,6,39,31,394,2,19.0,212,6.8,182,5.9,6.8,0,,1,2.6,2,104.5,AlieMo00,2020,16.0,2.0,11.0,8.0,93.0,0.0,9.0,1.0,13.0,7.0,133.0,2.0
145,Dan Arnold,ARI,25,TE,16,5,45,31,438,4,24.0,265,8.5,173,5.6,12.6,0,,1,2.2,1,120.4,ArnoDa00,2020,5.0,1.0,14.0,8.0,127.0,2.0,10.0,1.0,19.0,12.0,150.0,1.0
146,Chris Herndon,NYJ,24,TE,16,13,45,31,287,3,17.0,159,5.1,128,4.1,6.8,1,31.0,4,8.9,0,108.3,HernCh00,2020,1.0,0.0,2.0,1.0,7.0,0.0,16.0,12.0,56.0,39.0,502.0,4.0
147,Jalen Reagor,PHI,21,WR,11,11,54,31,396,1,19.0,205,6.6,191,6.2,12.7,3,10.3,1,1.9,3,63.5,ReagJa00,2020,,,,,,,,,,,,
148,Jamaal Williams,GNB,25,,14,3,35,31,236,1,11.0,17,0.5,219,7.1,0.5,4,7.8,2,5.7,0,104.3,WillJa06,2020,14.0,2.0,45.0,39.0,253.0,5.0,16.0,8.0,41.0,27.0,210.0,0.0
149,KJ Hamler,DEN,21,,13,4,56,30,381,3,17.0,257,8.6,124,4.1,10.4,4,7.5,7,12.5,3,70.6,HamlKJ00,2020,,,,,,,,,,,,
150,Isaiah McKenzie,BUF,25,WR,16,7,34,30,282,5,17.0,92,3.1,190,6.3,4.4,0,,1,2.9,0,140.8,McKeIs00,2020,15.0,8.0,39.0,27.0,254.0,1.0,8.0,1.0,30.0,18.0,179.0,0.0
151,Breshad Perriman,NYJ,27,WR,12,12,60,30,505,3,20.0,345,11.5,160,5.3,15.1,1,30.0,3,5.0,4,67.7,PerrBr02,2020,14.0,4.0,69.0,36.0,645.0,6.0,10.0,2.0,25.0,16.0,340.0,2.0
152,Irv Smith Jr.,MIN,22,TE,13,7,43,30,365,5,22.0,239,8.0,126,4.2,8.0,2,15.0,1,2.3,0,134.4,SmitIr01,2020,16.0,7.0,47.0,36.0,311.0,2.0,,,,,,
153,James Washington,PIT,24,WR,16,7,56,30,392,5,19.0,253,8.4,139,4.6,12.5,1,30.0,4,7.1,2,90.8,WashJa00,2020,15.0,10.0,80.0,44.0,735.0,3.0,14.0,6.0,38.0,16.0,217.0,1.0
154,Kalen Ballage,2TM,25,,11,2,37,29,166,0,5.0,-47,-1.6,213,7.3,-0.5,4,7.3,2,5.4,0,85.4,BallKa00,2020,12.0,6.0,24.0,14.0,63.0,0.0,12.0,0.0,11.0,9.0,56.0,0.0
155,Lynn Bowden Jr.,MIA,23,,10,4,37,28,211,0,13.0,99,3.5,112,4.0,5.0,6,4.7,0,0.0,2,66.4,BowdLy00,2020,,,,,,,,,,,,
156,Cameron Brate,TAM,29,,16,1,34,28,282,2,17.0,211,7.5,71,2.5,8.6,0,,0,0.0,1,108.6,BratCa00,2020,16.0,6.0,55.0,36.0,311.0,4.0,16.0,2.0,49.0,30.0,289.0,6.0
157,Trey Burton,IND,29,,13,4,47,28,250,3,14.0,163,5.8,87,3.1,7.5,1,28.0,4,8.5,1,86.3,BurtTr01,2020,8.0,5.0,24.0,14.0,84.0,0.0,16.0,16.0,76.0,54.0,569.0,6.0
158,Isaiah Ford,MIA,24,,10,1,44,28,276,0,18.0,208,7.4,68,2.4,9.2,0,,1,2.3,2,62.3,FordIs00,2020,8.0,0.0,35.0,23.0,244.0,0.0,,,,,,
159,Jalen Guyton,LAC,23,WR,16,9,55,28,511,3,18.0,332,11.9,179,6.4,16.3,1,28.0,5,9.1,2,86.2,GuytJa01,2020,,,,,,,,,,,,
160,Duke Johnson,HOU,27,RB,11,5,35,28,249,1,8.0,29,1.0,220,7.9,1.9,2,14.0,2,5.7,0,105.8,JohnDu00,2020,16.0,2.0,62.0,44.0,410.0,3.0,16.0,2.0,62.0,47.0,429.0,3.0
161,Ronald Jones II,TAM,23,RB,14,13,42,28,165,1,2.0,8,0.3,157,5.6,0.9,1,28.0,5,11.9,1,72.0,JoneRo01,2020,16.0,9.0,40.0,31.0,309.0,0.0,9.0,0.0,9.0,7.0,33.0,0.0
162,Cole Kmet,CHI,21,TE,16,9,44,28,243,2,12.0,107,3.8,136,4.9,6.5,2,14.0,2,4.5,1,83.8,KmetCo00,2020,,,,,,,,,,,,
163,James O'Shaughnessy,JAX,28,TE,15,13,38,28,262,0,12.0,168,6.0,94,3.4,7.2,1,28.0,0,0.0,1,81.2,O'ShJa00,2020,5.0,5.0,20.0,14.0,153.0,2.0,14.0,9.0,38.0,24.0,214.0,0.0
164,Tony Pollard,DAL,23,,16,2,40,28,193,1,9.0,-39,-1.4,232,8.3,-0.4,4,7.0,4,10.0,0,88.9,PollTo00,2020,15.0,0.0,20.0,15.0,107.0,1.0,,,,,,
165,Kyle Rudolph,MIN,31,TE,12,12,37,28,334,1,16.0,170,6.1,164,5.9,7.1,2,14.0,0,0.0,0,111.8,RudoKy00,2020,16.0,16.0,48.0,39.0,367.0,6.0,16.0,16.0,82.0,64.0,634.0,4.0
166,Miles Sanders,PHI,23,RB,12,11,52,28,197,0,8.0,-11,-0.4,208,7.4,1.9,3,9.3,7,13.5,2,46.7,SandMi01,2020,16.0,11.0,63.0,50.0,509.0,3.0,,,,,,
167,Steven Sims,WAS,23,,12,2,37,27,265,1,13.0,139,5.1,126,4.7,7.1,0,,2,5.4,1,90.5,SimsSt00,2020,16.0,2.0,56.0,34.0,310.0,4.0,,,,,,
168,Isaiah Wright,WAS,23,WR,14,6,35,27,197,0,10.0,54,2.0,143,5.3,3.9,2,13.5,1,2.9,0,89.8,WrigIs01,2020,,,,,,,,,,,,
169,Jordan Reed,SFO,30,,10,1,46,26,231,4,16.0,147,5.7,84,3.2,8.0,2,13.0,3,6.5,1,90.0,ReedJo02,2020,,,,,,,13.0,8.0,84.0,54.0,558.0,2.0
170,Henry Ruggs III,LVR,21,WR,13,12,43,26,452,2,13.0,307,11.8,145,5.6,17.4,0,,3,7.0,1,102.1,RuggHe00,2020,,,,,,,,,,,,
171,Durham Smythe,MIA,25,TE,15,13,29,26,208,2,13.0,86,3.3,122,4.7,3.9,2,13.0,1,3.4,0,119.5,SmytDu00,2020,16.0,14.0,14.0,7.0,65.0,0.0,15.0,2.0,11.0,6.0,50.0,0.0
172,Rex Burkhead,NWE,30,,10,0,33,25,192,3,11.0,-9,-0.4,201,8.0,0.9,2,12.5,0,0.0,1,107.1,BurkRe00,2020,13.0,1.0,38.0,27.0,279.0,0.0,8.0,4.0,20.0,14.0,131.0,1.0
173,Kenyan Drake,ARI,26,RB,15,13,31,25,137,0,5.0,-28,-1.1,165,6.6,-1.0,1,25.0,2,6.5,0,85.1,DrakKe00,2020,14.0,10.0,68.0,50.0,345.0,0.0,16.0,7.0,73.0,53.0,477.0,5.0
174,Todd Gurley,ATL,26,RB,15,15,35,25,164,0,7.0,41,1.6,123,4.9,1.5,3,8.3,4,11.4,0,81.1,GurlTo01,2020,15.0,15.0,49.0,31.0,207.0,2.0,14.0,14.0,81.0,59.0,580.0,4.0
175,Brian Hill,ATL,25,,16,1,30,25,199,0,7.0,37,1.5,162,6.5,1.3,4,6.3,3,10.0,0,94.3,HillBr02,2020,12.0,2.0,14.0,10.0,69.0,1.0,10.0,0.0,2.0,1.0,9.0,0.0
176,Jacob Hollister,SEA,27,TE,16,5,40,25,209,3,14.0,129,5.2,80,3.2,5.9,0,,2,5.0,1,90.5,HollJa03,2020,11.0,3.0,59.0,41.0,349.0,3.0,8.0,1.0,5.0,4.0,52.0,0.0
177,Boston Scott,PHI,25,,16,4,36,25,212,1,8.0,31,1.2,181,7.2,2.6,1,25.0,0,0.0,0,93.7,ScotBo02,2020,11.0,2.0,26.0,24.0,204.0,0.0,,,,,,
178,Harrison Bryant,CLE,22,TE,15,9,38,24,238,3,14.0,121,5.0,117,4.9,7.7,2,12.0,3,7.9,2,85.2,BryaHa00,2020,,,,,,,,,,,,
179,Will Dissly,SEA,24,TE,16,12,29,24,251,2,12.0,82,3.4,169,7.0,4.8,0,,1,3.4,1,111.4,DissWi00,2020,6.0,6.0,27.0,23.0,262.0,4.0,4.0,4.0,14.0,8.0,156.0,2.0
180,Dawson Knox,BUF,24,TE,12,7,44,24,288,3,14.0,128,5.3,160,6.7,8.2,0,,4,9.1,1,88.1,KnoxDa00,2020,15.0,11.0,50.0,28.0,388.0,2.0,,,,,,
181,Greg Olsen,SEA,35,TE,11,8,37,24,239,1,16.0,190,7.9,49,2.0,7.8,0,,2,5.4,2,69.5,OlseGr00,2020,14.0,14.0,82.0,52.0,597.0,2.0,9.0,9.0,38.0,27.0,291.0,4.0
182,Richard Rodgers,PHI,28,,14,4,31,24,345,2,16.0,250,10.4,95,4.0,9.8,1,24.0,0,0.0,0,134.5,RodgRi00,2020,,,,,,,7.0,0.0,1.0,1.0,7.0,0.0
183,Odell Beckham Jr.,CLE,28,WR,7,7,43,23,319,3,17.0,273,11.9,46,2.0,13.6,2,11.5,1,2.3,1,91.1,BeckOd00,2020,16.0,15.0,133.0,74.0,1035.0,4.0,12.0,12.0,124.0,77.0,1052.0,6.0
184,Malcolm Brown,LAR,27,,16,0,33,23,162,0,9.0,-16,-0.7,178,7.7,-0.2,1,23.0,3,9.1,0,80.6,BrowMa03,2020,14.0,1.0,6.0,2.0,16.0,0.0,12.0,0.0,7.0,5.0,52.0,1.0
185,Jack Doyle,IND,30,TE,14,12,33,23,251,3,13.0,160,7.0,91,4.0,6.9,1,23.0,0,0.0,0,122.2,DoylJa00,2020,16.0,16.0,72.0,43.0,448.0,4.0,6.0,6.0,33.0,26.0,245.0,2.0
186,DaeSean Hamilton,DEN,25,,16,2,44,23,293,2,16.0,198,8.6,95,4.1,13.4,0,,2,4.5,3,60.1,HamiDa01,2020,16.0,2.0,52.0,28.0,297.0,1.0,14.0,5.0,45.0,30.0,243.0,2.0
187,Adam Humphries,TEN,27,,7,1,35,23,228,2,11.0,183,8.0,45,2.0,9.6,0,,1,2.9,1,91.1,HumpAd00,2020,12.0,3.0,47.0,37.0,374.0,2.0,16.0,10.0,105.0,76.0,816.0,5.0
188,Richie James,SFO,25,WR,11,7,35,23,394,1,15.0,201,8.7,193,8.4,10.7,3,7.7,2,5.7,0,113.3,JameRi00,2020,16.0,1.0,10.0,6.0,165.0,1.0,13.0,2.0,14.0,9.0,130.0,1.0
189,Joshua Kelley,LAC,23,,14,0,23,23,148,0,9.0,-25,-1.1,173,7.5,-1.1,2,11.5,0,0.0,0,93.5,KellJo01,2020,,,,,,,,,,,,
190,Denzel Mims,NYJ,23,WR,9,8,44,23,357,0,15.0,251,10.9,106,4.6,15.3,5,4.6,1,2.3,1,70.0,MimsDe00,2020,,,,,,,,,,,,
191,Latavius Murray,NOR,30,RB,15,7,26,23,176,1,8.0,-22,-1.0,198,8.6,-1.0,2,11.5,2,7.7,0,107.7,MurrLa00,2020,16.0,8.0,43.0,34.0,235.0,1.0,16.0,6.0,26.0,22.0,141.0,0.0
192,Marquez Callaway,NOR,22,,11,3,27,21,213,0,10.0,155,7.4,58,2.8,8.4,2,10.5,0,0.0,0,99.5,CallMa01,2020,,,,,,,,,,,,
193,Julian Edelman,NWE,34,,6,1,39,21,315,0,18.0,251,12.0,64,3.0,10.3,0,,3,7.7,3,48.6,EdelJu00,2020,16.0,13.0,153.0,100.0,1117.0,6.0,12.0,12.0,108.0,74.0,850.0,6.0
194,Darren Fells,HOU,34,TE,16,14,28,21,312,4,16.0,135,6.4,177,8.4,7.1,6,3.5,0,0.0,0,150.6,FellDa01,2020,16.0,14.0,48.0,34.0,341.0,7.0,16.0,11.0,12.0,11.0,117.0,3.0
195,Wayne Gallman,NYG,26,RB,15,10,27,21,114,0,6.0,14,0.7,100,4.8,0.4,0,,3,11.1,0,84.3,GallWa00,2020,10.0,2.0,15.0,11.0,102.0,1.0,15.0,1.0,22.0,14.0,89.0,0.0
196,Andy Isabella,ARI,24,,13,2,35,21,224,2,10.0,142,6.8,82,3.9,11.3,2,10.5,2,5.7,3,62.1,IsabAn00,2020,15.0,1.0,13.0,9.0,189.0,1.0,,,,,,
197,Joe Mixon,CIN,24,RB,6,6,26,21,138,1,5.0,-29,-1.4,167,8.0,-1.0,2,10.5,1,3.8,0,101.6,MixoJo00,2020,16.0,15.0,45.0,35.0,287.0,3.0,14.0,13.0,55.0,43.0,296.0,1.0
198,Cordarrelle Patterson*+,CHI,29,,16,3,25,21,132,0,7.0,18,0.9,114,5.4,3.6,1,21.0,1,4.0,0,88.7,PattCo00,2020,16.0,4.0,17.0,11.0,83.0,0.0,15.0,5.0,28.0,21.0,247.0,3.0
199,Chad Beebe,MIN,26,,14,0,30,20,201,2,12.0,128,6.4,73,3.7,6.0,2,10.0,1,3.3,1,93.9,BeebCh00,2020,3.0,0.0,2.0,2.0,70.0,0.0,3.0,0.0,4.0,4.0,39.0,0.0
200,Quintez Cephus,DET,22,,13,2,35,20,349,2,16.0,264,13.2,85,4.3,14.5,0,,3,8.6,0,110.3,CephQu00,2020,,,,,,,,,,,,
201,Devin Duvernay,BAL,23,,16,3,26,20,201,0,8.0,83,4.2,118,5.9,6.2,1,20.0,1,3.8,2,66.3,DuveDe00,2020,,,,,,,,,,,,
202,Kenny Golladay,DET,27,WR,5,5,32,20,338,2,16.0,300,15.0,38,1.9,14.6,0,,2,6.3,0,119.0,GollKe00,2020,16.0,16.0,116.0,65.0,1190.0,11.0,15.0,13.0,119.0,70.0,1063.0,5.0
203,Deonte Harris,NOR,23,,9,2,25,20,186,1,10.0,59,3.0,127,6.4,4.0,4,5.0,1,4.0,1,94.3,HarrDe07,2020,14.0,1.0,6.0,6.0,24.0,0.0,,,,,,
204,Tyron Johnson,LAC,24,,12,0,26,20,398,3,15.0,339,17.0,59,3.0,20.5,4,5.0,0,0.0,0,156.7,JohnTy03,2020,,,,,,,,,,,,
205,Ray-Ray McCloud,PIT,24,,16,2,22,20,77,0,3.0,-28,-1.4,105,5.3,-1.5,0,,0,0.0,0,81.2,McClRa00,2020,,,,,,,10.0,1.0,6.0,5.0,36.0,0.0
206,Ian Thomas,CAR,24,TE,16,8,31,20,145,1,11.0,67,3.4,78,3.9,6.3,0,,1,3.2,2,59.2,ThomIa00,2020,16.0,3.0,30.0,16.0,136.0,1.0,16.0,6.0,49.0,36.0,333.0,2.0
207,Chris Thompson,JAX,30,,8,0,23,20,146,1,5.0,39,2.0,107,5.4,2.8,1,20.0,0,0.0,0,107.6,ThomCh03,2020,11.0,0.0,58.0,42.0,378.0,0.0,10.0,0.0,55.0,41.0,268.0,1.0
208,Olamide Zaccheaus,ATL,23,,11,2,32,20,274,1,16.0,211,10.6,63,3.2,13.8,2,10.0,1,3.1,1,87.2,ZaccOl01,2020,10.0,0.0,5.0,3.0,115.0,1.0,,,,,,
209,Miles Boykin,BAL,24,WR,16,13,33,19,266,4,14.0,186,9.8,80,4.2,11.6,0,,0,0.0,1,110.6,BoykMi00,2020,16.0,11.0,22.0,13.0,198.0,3.0,,,,,,
210,Tyler Conklin,MIN,25,,16,2,26,19,194,1,11.0,68,3.6,126,6.6,4.4,1,19.0,2,7.7,0,106.9,ConkTy00,2020,15.0,1.0,10.0,8.0,58.0,0.0,16.0,3.0,7.0,5.0,77.0,0.0
211,Ross Dwelley,SFO,25,TE,16,9,24,19,245,1,10.0,138,7.3,107,5.6,7.6,1,19.0,0,0.0,0,123.1,DwelRo00,2020,16.0,6.0,22.0,15.0,91.0,2.0,11.0,0.0,2.0,2.0,14.0,0.0
212,Derrick Henry *+,TEN,26,RB,16,16,31,19,114,0,4.0,-13,-0.7,127,6.7,-0.9,1,19.0,1,3.2,0,68.5,HenrDe00,2020,15.0,15.0,24.0,18.0,206.0,2.0,16.0,12.0,18.0,15.0,99.0,0.0
213,Justin Jackson,LAC,24,,9,4,24,19,173,0,7.0,-43,-2.3,216,11.4,-1.8,5,3.8,1,4.2,0,96.7,JackJu01,2020,7.0,0.0,11.0,9.0,22.0,0.0,13.0,1.0,19.0,15.0,135.0,0.0
214,Van Jefferson,LAR,24,,16,0,31,19,220,1,11.0,174,9.2,46,2.4,11.3,2,9.5,1,3.2,2,66.6,JeffVa00,2020,,,,,,,,,,,,
215,Kerryon Johnson,DET,23,,16,2,26,19,187,1,11.0,4,0.2,183,9.6,-0.1,1,19.0,2,7.7,0,105.8,JohnKe06,2020,8.0,7.0,15.0,10.0,127.0,1.0,10.0,7.0,39.0,32.0,213.0,1.0
216,Kyle Juszczyk*,SFO,29,FB,16,15,29,19,202,4,10.0,101,5.3,101,5.3,6.5,0,,2,6.9,1,110.9,JuszKy00,2020,12.0,12.0,24.0,20.0,239.0,1.0,16.0,14.0,41.0,30.0,324.0,1.0
217,Dion Lewis,NYG,30,,16,0,30,19,127,1,8.0,47,2.5,80,4.2,2.3,1,19.0,2,6.7,0,83.6,LewiDi00,2020,16.0,1.0,32.0,25.0,164.0,1.0,16.0,7.0,67.0,59.0,400.0,1.0
218,David Njoku,CLE,24,TE,13,5,29,19,213,2,13.0,126,6.6,87,4.6,7.4,2,9.5,1,3.4,0,110.3,NjokDa00,2020,4.0,1.0,10.0,5.0,41.0,1.0,16.0,14.0,88.0,56.0,639.0,4.0
219,Jalen Richard,LVR,27,,13,0,23,19,138,0,5.0,41,2.2,97,5.1,2.1,0,,1,4.3,1,73.6,RichJa01,2020,16.0,0.0,43.0,36.0,323.0,0.0,16.0,1.0,81.0,68.0,607.0,0.0
220,J.K. Dobbins,BAL,22,,15,1,24,18,120,0,4.0,-9,-0.5,129,7.2,0.0,2,9.0,4,16.7,0,85.4,DobbJK00,2020,,,,,,,,,,,,
221,Marvin Hall,2TM,27,,12,6,32,18,302,2,10.0,244,13.6,58,3.2,17.2,0,,4,12.5,0,109.1,HallMa02,2020,9.0,0.0,11.0,7.0,261.0,1.0,16.0,0.0,19.0,10.0,149.0,1.0
222,Dontrelle Inman,WAS,31,,10,2,28,18,163,2,11.0,119,6.6,44,2.4,8.3,0,,1,3.6,2,74.0,InmaDo00,2020,7.0,1.0,21.0,12.0,181.0,0.0,9.0,4.0,39.0,28.0,304.0,3.0
223,Collin Johnson,JAX,23,,14,0,31,18,272,2,12.0,207,11.5,65,3.6,12.1,0,,0,0.0,1,95.1,JohnCo01,2020,,,,,,,,,,,,
224,Kaden Smith,NYG,23,TE,15,12,21,18,112,0,8.0,23,1.3,89,4.9,2.0,1,18.0,0,0.0,0,88.9,SmitKa00,2020,9.0,6.0,42.0,31.0,268.0,3.0,,,,,,
225,Darrel Williams,KAN,25,,16,0,26,18,116,0,6.0,-40,-2.2,156,8.7,-0.8,1,18.0,2,7.7,0,78.4,WillDa10,2020,12.0,0.0,19.0,15.0,167.0,1.0,6.0,0.0,3.0,3.0,27.0,1.0
226,Preston Williams,MIA,23,WR,8,7,35,18,288,4,14.0,246,13.7,42,2.3,14.5,0,,3,8.6,2,93.5,WillPr01,2020,8.0,7.0,60.0,32.0,428.0,3.0,,,,,,
227,Devontae Booker,LVR,28,,16,1,21,17,84,0,2.0,3,0.2,81,4.8,0.3,2,8.5,0,0.0,1,63.5,BookDe00,2020,16.0,0.0,9.0,6.0,57.0,0.0,16.0,0.0,51.0,38.0,275.0,0.0
228,DeeJay Dallas,SEA,22,,12,2,20,17,111,1,5.0,1,0.1,110,6.5,0.1,1,17.0,0,0.0,0,106.5,DallDe00,2020,,,,,,,,,,,,
229,Chad Hansen,HOU,25,,5,2,24,17,236,1,11.0,197,11.6,39,2.3,12.2,0,,1,4.2,0,116.0,HansCh00,2020,,,,,,,,,,,,
230,Christian McCaffrey,CAR,24,,3,3,19,17,149,1,8.0,26,1.5,123,7.2,1.4,3,5.7,0,0.0,1,95.0,McCaCh01,2020,16.0,16.0,142.0,116.0,1005.0,4.0,16.0,16.0,124.0,107.0,867.0,6.0
231,Mohamed Sanu,2TM,31,,10,4,24,17,187,1,13.0,150,8.8,37,2.2,12.0,0,,1,4.2,0,107.5,SanuMo00,2020,15.0,12.0,89.0,59.0,520.0,2.0,16.0,16.0,94.0,66.0,838.0,4.0
232,Ito Smith,ATL,25,,14,0,26,17,75,0,3.0,-6,-0.4,81,4.8,0.0,1,17.0,1,3.8,0,69.1,SmitIt00,2020,7.0,0.0,14.0,11.0,87.0,0.0,14.0,0.0,32.0,27.0,152.0,0.0
233,Jeff Smith,NYJ,23,,12,4,37,17,167,0,9.0,118,6.9,49,2.9,12.6,0,,2,5.4,2,36.7,SmitJe03,2020,1.0,0.0,2.0,1.0,12.0,0.0,,,,,,
234,Cedrick Wilson Jr.,DAL,25,,16,0,28,17,189,2,10.0,76,4.5,113,6.6,8.7,1,17.0,3,10.7,1,89.7,WilsCe01,2020,6.0,0.0,8.0,5.0,46.0,0.0,,,,,,
235,Le'Veon Bell,2TM,28,,11,4,20,16,138,0,7.0,2,0.1,136,8.5,0.5,2,8.0,1,5.0,0,95.4,BellLe00,2020,15.0,15.0,78.0,66.0,461.0,1.0,,,,,,
236,Nick Chubb*,CLE,25,RB,12,12,18,16,150,0,6.0,17,1.1,133,8.3,2.7,4,4.0,0,0.0,0,101.4,ChubNi00,2020,16.0,16.0,49.0,36.0,278.0,0.0,16.0,9.0,29.0,20.0,149.0,2.0
237,Frank Gore,NYJ,37,RB,15,14,19,16,89,0,3.0,16,1.0,73,4.6,1.8,1,16.0,0,0.0,0,86.2,GoreFr00,2020,16.0,8.0,16.0,13.0,100.0,0.0,14.0,14.0,16.0,12.0,124.0,1.0
238,Darrell Henderson,LAR,23,RB,15,11,24,16,159,1,8.0,-1,-0.1,160,10.0,0.7,3,5.3,0,0.0,1,81.8,HendDa00,2020,13.0,0.0,6.0,4.0,37.0,0.0,,,,,,
239,Mack Hollins,MIA,27,,16,2,25,16,176,1,7.0,147,9.2,29,1.8,9.6,0,,2,8.0,0,98.1,HollMa00,2020,16.0,3.0,23.0,10.0,125.0,0.0,,,,,,
240,Carlos Hyde,SEA,30,,10,1,20,16,93,0,4.0,-15,-0.9,108,6.8,2.4,0,,0,0.0,0,86.0,HydeCa00,2020,16.0,14.0,16.0,10.0,42.0,0.0,14.0,7.0,16.0,10.0,33.0,0.0
241,Ty Johnson,2TM,23,,13,1,21,16,99,1,6.0,-30,-1.9,129,8.1,2.4,1,16.0,0,0.0,0,101.1,JohnTy02,2020,16.0,1.0,31.0,24.0,109.0,0.0,,,,,,
242,Raheem Mostert,SFO,28,RB,8,8,19,16,156,1,5.0,20,1.3,136,8.5,1.1,1,16.0,0,0.0,0,118.4,MostRa00,2020,16.0,0.0,22.0,14.0,180.0,2.0,9.0,0.0,7.0,6.0,25.0,0.0
243,KeeSean Johnson,ARI,24,,8,1,23,15,173,0,7.0,123,8.2,50,3.3,10.9,0,,1,4.3,0,87.8,JohnKe07,2020,10.0,4.0,42.0,21.0,187.0,1.0,,,,,,
244,LeSean McCoy,TAM,32,,10,0,19,15,101,0,3.0,-1,-0.1,102,6.8,1.0,0,,2,10.5,0,88.8,McCoLe01,2020,13.0,9.0,34.0,28.0,181.0,1.0,14.0,13.0,46.0,34.0,238.0,0.0
245,Vance McDonald,PIT,30,TE,14,12,20,15,99,0,4.0,20,1.3,79,5.3,1.9,3,5.0,1,5.0,0,85.2,McDoVa00,2020,14.0,14.0,55.0,38.0,273.0,3.0,15.0,14.0,72.0,50.0,610.0,4.0
246,Adam Trautman,NOR,23,TE,15,6,16,15,171,1,9.0,54,3.6,117,7.8,4.0,2,7.5,0,0.0,0,132.0,TrauAd00,2020,,,,,,,,,,,,
247,Nick Boyle,BAL,27,TE,9,9,17,14,113,2,8.0,69,4.9,44,3.1,5.1,0,,0,0.0,0,133.6,BoylNi00,2020,16.0,15.0,43.0,31.0,321.0,2.0,16.0,13.0,37.0,23.0,213.0,0.0
248,Noah Brown,DAL,24,,16,1,24,14,154,0,6.0,107,7.6,47,3.4,10.3,0,,0,0.0,0,77.4,BrowNo00,2020,,,,,,,8.0,2.0,8.0,5.0,54.0,0.0
249,Pharaoh Brown,HOU,26,TE,13,9,16,14,163,2,9.0,87,6.2,76,5.4,7.9,4,3.5,0,0.0,0,148.7,BrowPh01,2020,9.0,6.0,3.0,2.0,27.0,0.0,,,,,,
250,Chris Hogan,NYJ,33,,5,4,26,14,118,0,6.0,78,5.6,40,2.9,10.0,1,14.0,0,0.0,1,49.8,HogaCh00,2020,7.0,1.0,15.0,8.0,67.0,0.0,16.0,7.0,55.0,35.0,532.0,3.0
251,DeSean Jackson,PHI,34,WR,5,5,26,14,236,1,10.0,171,12.2,65,4.6,16.6,0,,2,7.7,1,81.6,JackDe00,2020,3.0,3.0,10.0,9.0,159.0,2.0,12.0,10.0,74.0,41.0,774.0,4.0
252,Jesse James,DET,26,TE,16,7,22,14,129,2,6.0,53,3.8,76,5.4,5.4,1,14.0,0,0.0,2,72.0,JameJe00,2020,16.0,11.0,27.0,16.0,142.0,0.0,16.0,7.0,39.0,30.0,423.0,2.0
253,Marcus Johnson,IND,26,,11,3,28,14,255,0,11.0,206,14.7,49,3.5,17.4,0,,2,7.1,1,66.8,JohnMa07,2020,8.0,6.0,33.0,17.0,277.0,2.0,5.0,0.0,8.0,6.0,102.0,1.0
254,Olabisi Johnson,MIN,23,,16,3,19,14,189,0,9.0,140,10.0,49,3.5,11.3,2,7.0,0,0.0,1,83.0,JohnOl00,2020,16.0,6.0,45.0,31.0,294.0,3.0,,,,,,
255,Zay Jones,LVR,25,,16,2,20,14,154,1,6.0,89,6.4,65,4.6,7.1,2,7.0,2,10.0,1,88.3,JoneZa00,2020,15.0,9.0,45.0,27.0,216.0,0.0,16.0,15.0,102.0,56.0,652.0,7.0
256,Zack Moss,BUF,23,,13,0,18,14,95,1,5.0,8,0.6,87,6.2,1.8,3,4.7,0,0.0,0,107.2,MossZa00,2020,,,,,,,,,,,,
257,Donovan Peoples-Jones,CLE,21,,12,2,20,14,304,2,10.0,227,16.2,77,5.5,16.6,0,,1,5.0,0,145.8,PeopDo00,2020,,,,,,,,,,,,
258,Auden Tate,CIN,23,,9,2,22,14,150,0,9.0,92,6.6,58,4.1,9.4,1,14.0,0,0.0,0,83.5,TateAu00,2020,12.0,10.0,80.0,40.0,575.0,1.0,7.0,0.0,12.0,4.0,35.0,0.0
259,Nick Vannett,DEN,27,TE,15,11,21,14,95,1,6.0,31,2.2,64,4.6,4.4,0,,0,0.0,1,72.5,VannNi00,2020,16.0,7.0,22.0,17.0,166.0,0.0,15.0,9.0,43.0,29.0,269.0,3.0
260,Jamal Agnew,DET,25,,14,2,20,13,89,0,4.0,-12,-0.9,101,7.8,4.9,2,6.5,1,5.0,0,74.8,AgneJa00,2020,13.0,0.0,2.0,1.0,-2.0,0.0,,,,,,
261,Christian Blake,ATL,24,,16,0,18,13,141,0,6.0,115,8.8,26,2.0,9.6,0,,1,5.6,0,94.9,BlakCh00,2020,9.0,3.0,24.0,11.0,91.0,0.0,,,,,,
262,Ryan Izzo,NWE,25,TE,12,12,20,13,199,0,6.0,131,10.1,68,5.2,10.3,1,13.0,2,10.0,1,76.9,IzzoRy00,2020,6.0,4.0,9.0,6.0,114.0,1.0,,,,,,
263,Alexander Mattison,MIN,22,,13,2,15,13,125,1,5.0,17,1.3,108,8.3,2.7,5,2.6,0,0.0,0,123.6,MattAl01,2020,13.0,0.0,12.0,10.0,82.0,0.0,,,,,,
264,Byron Pringle,KAN,27,,13,3,17,13,160,1,9.0,92,7.1,68,5.2,10.2,2,6.5,0,0.0,0,124.6,PrinBy00,2020,16.0,0.0,16.0,12.0,170.0,1.0,,,,,,
265,Freddie Swain,SEA,22,,16,1,21,13,159,2,6.0,58,4.5,101,7.8,10.7,0,,0,0.0,0,117.0,SwaiFr00,2020,,,,,,,,,,,,
266,Mike Thomas,CIN,26,,14,0,21,13,132,1,7.0,104,8.0,28,2.2,8.6,1,13.0,2,9.5,0,95.7,ThomMi04,2020,16.0,0.0,5.0,2.0,14.0,0.0,,,,,,
267,Jeff Wilson,SFO,25,,12,3,28,13,133,3,8.0,22,1.7,111,8.5,1.8,0,,5,17.9,1,81.4,WilsJe01,2020,10.0,0.0,5.0,3.0,34.0,1.0,6.0,2.0,15.0,12.0,98.0,0.0
268,Jason Witten,LVR,38,TE,16,7,17,13,69,2,8.0,49,3.8,20,1.5,5.4,0,,0,0.0,0,121.9,WittJa00,2020,16.0,16.0,83.0,63.0,529.0,4.0,,,,,,
269,Cameron Batson,TEN,25,,12,1,13,12,100,1,7.0,57,4.8,43,3.6,6.2,0,,0,0.0,0,124.4,BatsCa00,2020,,,,,,,11.0,2.0,11.0,8.0,82.0,0.0
270,Alex Erickson,CIN,28,,16,2,17,12,139,0,5.0,72,6.0,67,5.6,7.2,0,,0,0.0,1,70.5,EricAl01,2020,16.0,6.0,78.0,43.0,529.0,0.0,16.0,6.0,29.0,20.0,167.0,0.0
271,Royce Freeman,DEN,24,,16,0,13,12,81,0,4.0,18,1.5,63,5.3,1.7,0,,0,0.0,0,92.6,FreeRo00,2020,16.0,0.0,50.0,43.0,256.0,1.0,14.0,8.0,20.0,14.0,72.0,0.0
272,Alec Ingold,LVR,24,,16,4,17,12,110,1,9.0,22,1.8,88,7.3,4.5,3,4.0,2,11.8,0,107.5,IngoAl01,2020,16.0,4.0,6.0,6.0,44.0,1.0,,,,,,
273,Tyler Johnson,TAM,22,,14,3,17,12,169,2,9.0,97,8.1,72,6.0,9.9,1,12.0,0,0.0,0,141.5,JohnTy00,2020,,,,,,,,,,,,
274,Tyler Kroft,BUF,28,,10,4,16,12,119,3,9.0,75,6.3,44,3.7,7.6,0,,1,6.3,1,109.1,KrofTy00,2020,11.0,3.0,14.0,6.0,71.0,1.0,5.0,2.0,6.0,4.0,36.0,0.0
275,Jeremy McNichols,TEN,25,,16,0,17,12,55,0,0.0,4,0.3,51,4.3,0.5,0,,1,5.9,0,74.4,McNiJe00,2020,,,,,,,,,,,,
276,Adrian Peterson,DET,35,RB,16,10,18,12,101,0,4.0,-2,-0.2,103,8.6,-0.3,1,12.0,3,16.7,0,81.0,PeteAd01,2020,15.0,15.0,23.0,17.0,142.0,0.0,16.0,16.0,26.0,20.0,208.0,1.0
277,Brandon Powell,ATL,25,,15,1,18,12,69,2,5.0,35,2.9,34,2.8,4.6,0,,1,5.6,0,110.6,PoweBr00,2020,,,,,,,6.0,1.0,17.0,11.0,129.0,0.0
278,Adam Shaheen,MIA,26,TE,16,5,22,12,150,3,9.0,45,3.8,105,8.8,4.3,4,3.0,0,0.0,0,115.5,ShahAd00,2020,8.0,2.0,13.0,9.0,74.0,0.0,6.0,4.0,6.0,5.0,48.0,1.0
279,Jace Sternberger,GNB,24,,12,0,15,12,114,1,6.0,48,4.0,66,5.5,6.9,0,,1,6.7,0,120.6,SterJa00,2020,,,,,,,,,,,,
280,Jordan Wilkins,IND,26,,15,0,16,12,105,0,3.0,-38,-3.2,143,11.9,-0.8,1,12.0,1,6.3,0,91.9,WilkJo01,2020,14.0,1.0,11.0,7.0,43.0,0.0,16.0,3.0,17.0,16.0,85.0,0.0
281,Salvon Ahmed,MIA,22,,6,4,14,11,61,0,2.0,-10,-0.9,71,6.5,-0.5,0,,1,7.1,0,84.8,AhmeSa01,2020,,,,,,,,,,,,
282,Cam Akers,LAR,21,,13,5,14,11,123,1,4.0,32,2.9,91,8.3,4.2,3,3.7,1,7.1,0,127.1,AkerCa00,2020,,,,,,,,,,,,
283,Blake Bell,DAL,29,,16,2,15,11,110,0,7.0,62,5.6,48,4.4,5.1,1,11.0,0,0.0,0,93.7,BellBl00,2020,15.0,7.0,15.0,8.0,67.0,0.0,10.0,4.0,11.0,8.0,67.0,0.0
284,C.J. Board,NYG,27,,14,4,16,11,101,0,6.0,68,6.2,33,3.0,10.0,0,,0,0.0,0,85.7,BoarC.00,2020,4.0,0.0,4.0,2.0,31.0,0.0,,,,,,
285,Bryan Edwards,LVR,22,,12,3,15,11,193,1,9.0,113,10.3,80,7.3,8.5,2,5.5,0,0.0,0,137.5,EdwaBr01,2020,,,,,,,,,,,,
286,Tyler Ervin,GNB,27,,8,0,15,11,84,0,6.0,0,0.0,84,7.6,-1.0,0,,1,6.7,0,86.5,ErviTy00,2020,10.0,0.0,4.0,2.0,11.0,0.0,9.0,0.0,3.0,3.0,35.0,0.0
287,KhaDarel Hodge,CLE,25,,9,0,17,11,180,0,11.0,157,14.3,23,2.1,16.4,0,,0,0.0,1,75.6,HodgKh00,2020,16.0,1.0,10.0,4.0,76.0,0.0,14.0,0.0,3.0,2.0,17.0,0.0
288,O.J. Howard,TAM,26,,4,1,19,11,146,2,8.0,129,11.7,17,1.5,11.9,1,11.0,1,5.3,0,117.4,HowaO.00,2020,14.0,14.0,53.0,34.0,459.0,1.0,10.0,8.0,48.0,34.0,565.0,5.0
289,Albert Okwuegbunam,DEN,22,,4,0,15,11,121,1,6.0,48,4.4,73,6.6,7.7,1,11.0,0,0.0,0,119.0,OkwuAl00,2020,,,,,,,,,,,,
290,La'Mical Perine,NYJ,22,,10,0,15,11,63,0,3.0,-4,-0.4,67,6.1,1.7,0,,1,6.7,0,80.7,PeriLa00,2020,,,,,,,,,,,,
291,Samaje Perine,CIN,25,,16,1,12,11,66,0,4.0,-23,-2.1,89,8.1,-1.8,3,3.7,0,0.0,0,89.6,PeriSa00,2020,,,,,,,5.0,0.0,4.0,3.0,5.0,0.0
292,Keith Smith,ATL,28,FB,16,7,15,11,59,0,4.0,15,1.4,44,4.0,1.9,0,,1,6.7,0,79.6,SmitKe03,2020,16.0,5.0,3.0,1.0,13.0,0.0,16.0,3.0,6.0,5.0,23.0,0.0
293,Kenny Stills,HOU,28,,10,0,19,11,144,1,8.0,127,11.5,17,1.5,12.5,0,,3,15.8,1,77.5,StilKe00,2020,13.0,5.0,55.0,40.0,561.0,4.0,15.0,15.0,64.0,37.0,553.0,6.0
294,De'Michael Harris,IND,22,,7,0,10,10,79,0,3.0,16,1.6,63,6.3,1.6,0,,0,0.0,0,99.6,HarrDe09,2020,,,,,,,,,,,,
295,John Hightower,PHI,24,,13,4,29,10,167,0,5.0,110,11.0,57,5.7,22.6,0,,3,10.3,5,15.2,HighJo00,2020,,,,,,,,,,,,
296,Patrick Laird,MIA,25,,16,0,12,10,68,0,3.0,28,2.8,40,4.0,2.6,1,10.0,0,0.0,0,90.3,LairPa00,2020,15.0,4.0,30.0,23.0,204.0,0.0,,,,,,
297,Marcedes Lewis,GNB,36,TE,15,15,17,10,107,3,6.0,50,5.0,57,5.7,6.5,0,,4,23.5,0,116.9,LewiMa00,2020,16.0,11.0,19.0,15.0,156.0,1.0,16.0,4.0,4.0,3.0,39.0,0.0
298,Dare Ogunbowale,JAX,26,,14,2,20,10,54,0,4.0,-9,-0.9,63,6.3,0.9,0,,2,10.0,1,35.4,OgunDa00,2020,16.0,0.0,46.0,35.0,286.0,0.0,,,,,,
299,Donald Parham,LAC,23,TE,13,5,20,10,159,3,8.0,103,10.3,56,5.6,8.8,0,,0,0.0,0,116.5,ParhDo00,2020,,,,,,,,,,,,
300,Benny Snell Jr.,PIT,22,,16,3,14,10,61,0,3.0,-27,-2.7,88,8.8,-1.9,2,5.0,0,0.0,1,50.0,SnelBe00,2020,13.0,2.0,4.0,3.0,23.0,0.0,,,,,,
301,Trent Taylor,SFO,26,,12,1,21,10,86,0,5.0,43,4.3,43,4.3,5.6,0,,0,0.0,1,39.0,TaylTr02,2020,,,,,,,14.0,0.0,41.0,26.0,215.0,1.0
302,Matt Breida,MIA,25,,12,1,10,9,96,0,5.0,0,0.0,96,10.7,-0.1,1,9.0,0,0.0,0,106.7,BreiMa00,2020,13.0,5.0,22.0,19.0,120.0,1.0,14.0,13.0,31.0,27.0,261.0,2.0
303,Gus Edwards,BAL,25,RB,16,6,13,9,129,0,4.0,36,4.0,93,10.3,3.8,2,4.5,0,0.0,0,101.1,EdwaGu00,2020,16.0,1.0,7.0,7.0,45.0,0.0,11.0,6.0,2.0,2.0,20.0,0.0
304,Ryan Griffin,NYJ,30,TE,15,6,12,9,86,0,4.0,37,4.1,49,5.4,5.3,0,,1,8.3,0,94.4,GrifRy00,2020,13.0,13.0,41.0,34.0,320.0,5.0,14.0,11.0,43.0,24.0,305.0,0.0
305,Travis Homer,SEA,22,,9,0,10,9,90,1,4.0,-2,-0.2,92,10.2,0.2,1,9.0,0,0.0,0,137.5,HomeTr00,2020,16.0,1.0,13.0,11.0,56.0,0.0,,,,,,
306,Devine Ozigbo,JAX,24,,8,0,9,9,42,0,3.0,3,0.3,39,4.3,0.3,1,9.0,0,0.0,0,86.1,OzigDe01,2020,10.0,0.0,5.0,3.0,23.0,0.0,,,,,,
307,Malcolm Perry,MIA,23,,9,2,13,9,92,1,4.0,59,6.6,33,3.7,8.8,0,,1,7.7,0,114.9,PerrMa00,2020,,,,,,,,,,,,
308,Kalif Raymond,TEN,26,,15,3,15,9,187,0,7.0,149,16.6,38,4.2,17.5,0,,2,13.3,1,76.2,RaymKa00,2020,8.0,1.0,12.0,9.0,170.0,1.0,,,,,,
309,Patrick Ricard*,BAL,26,FB,15,10,12,9,45,1,3.0,0,0.0,45,5.0,0.1,2,4.5,1,8.3,0,108.0,RicaPa00,2020,16.0,7.0,11.0,8.0,47.0,1.0,,,,,,
310,Jaylen Samuels,PIT,24,,14,1,14,9,46,0,2.0,-10,-1.1,56,6.2,-0.2,0,,3,21.4,0,69.3,SamuJa00,2020,14.0,4.0,57.0,47.0,305.0,1.0,14.0,3.0,29.0,26.0,199.0,3.0
311,Rodney Smith,CAR,24,,7,1,11,9,59,0,1.0,13,1.4,46,5.1,1.5,0,,1,9.1,0,89.0,SmitRo08,2020,,,,,,,,,,,,
312,Geoff Swaim,TEN,27,WR,10,8,12,9,83,1,6.0,48,5.3,35,3.9,6.6,0,,1,8.3,0,121.2,SwaiGe00,2020,6.0,2.0,17.0,13.0,65.0,0.0,9.0,9.0,32.0,26.0,242.0,1.0
313,Ameer Abdullah,MIN,27,,16,0,9,8,58,2,4.0,-5,-0.6,63,7.9,-0.6,0,,0,0.0,0,133.1,AbduAm00,2020,16.0,0.0,21.0,15.0,88.0,1.0,10.0,0.0,4.0,3.0,28.0,0.0
314,Stephen Anderson,LAC,27,,16,3,11,8,106,0,7.0,26,3.3,80,10.0,4.0,2,4.0,0,0.0,0,102.8,AndeSt01,2020,,,,,,,,,,,,
315,Darrell Daniels,ARI,26,TE,12,8,11,8,92,1,4.0,35,4.4,57,7.1,6.1,1,8.0,1,9.1,0,127.8,DaniDa02,2020,11.0,0.0,3.0,1.0,4.0,0.0,,,,,,
316,Troy Fumagalli,DEN,25,,8,0,15,8,80,1,6.0,20,2.5,60,7.5,7.3,0,,0,0.0,3,51.4,FumaTr00,2020,11.0,5.0,9.0,6.0,38.0,1.0,,,,,,
317,C.J. Ham,MIN,27,FB,15,11,13,8,97,1,6.0,22,2.8,75,9.4,3.3,0,,2,15.4,0,110.1,HamxC.00,2020,16.0,7.0,26.0,17.0,149.0,1.0,15.0,2.0,15.0,11.0,85.0,0.0
318,Josh Hill,NOR,30,TE,14,7,10,8,46,1,4.0,9,1.1,37,4.6,4.5,1,8.0,0,0.0,0,119.2,HillJo02,2020,16.0,11.0,35.0,25.0,226.0,3.0,16.0,11.0,24.0,16.0,185.0,1.0
319,Taysom Hill,NOR,30,WR,16,8,12,8,98,1,4.0,63,7.9,35,4.4,7.6,0,,1,8.3,0,119.4,HillTa00,2020,16.0,5.0,22.0,19.0,234.0,6.0,16.0,4.0,7.0,3.0,4.0,0.0
320,Jakob Johnson,NWE,26,FB,16,11,9,8,35,1,3.0,15,1.9,20,2.5,1.7,0,,0,0.0,0,119.9,JohnJa12,2020,4.0,3.0,2.0,1.0,5.0,0.0,,,,,,
321,Ryan Nall,CHI,25,,16,0,9,8,67,1,5.0,20,2.5,47,5.9,2.2,1,8.0,0,0.0,0,134.7,NallRy00,2020,,,,,,,,,,,,
322,Troymaine Pope,LAC,27,,6,0,10,8,42,0,1.0,-2,-0.3,44,5.5,-1.6,1,8.0,1,10.0,0,84.2,PopeTr00,2020,14.0,0.0,3.0,2.0,14.0,1.0,,,,,,
323,C.J. Uzomah,CIN,27,,2,2,11,8,87,1,6.0,57,7.1,30,3.8,8.5,0,,1,9.1,0,125.9,UzomC.00,2020,16.0,16.0,40.0,27.0,242.0,2.0,16.0,15.0,64.0,43.0,439.0,3.0
324,Maxx Williams,ARI,26,TE,9,8,10,8,102,1,4.0,36,4.5,66,8.3,3.8,1,8.0,0,0.0,1,102.9,WillMa04,2020,16.0,10.0,19.0,15.0,202.0,1.0,13.0,6.0,17.0,16.0,143.0,1.0
325,Devonta Freeman,NYG,28,,5,4,10,7,58,0,3.0,-12,-1.7,70,10.0,-1.4,0,,2,20.0,0,84.6,FreeDe00,2020,14.0,14.0,70.0,59.0,410.0,4.0,2.0,2.0,7.0,5.0,23.0,0.0
326,Demetrius Harris,CHI,29,TE,15,5,14,7,45,0,2.0,20,2.9,25,3.6,6.6,0,,2,14.3,1,27.4,HarrDe03,2020,15.0,6.0,27.0,15.0,149.0,3.0,15.0,3.0,25.0,12.0,164.0,3.0
327,Jamycal Hasty,SFO,24,,8,0,8,7,33,0,0.0,-14,-2.0,47,6.7,-2.4,0,,0,0.0,0,83.9,HastJa02,2020,,,,,,,,,,,,
328,K.J. Hill,LAC,23,,15,0,11,7,73,0,2.0,55,7.9,18,2.6,7.2,0,,2,18.2,0,82.8,HillKJ00,2020,,,,,,,,,,,,
329,Phillip Lindsay,DEN,26,RB,11,8,14,7,28,0,1.0,-11,-1.6,39,5.6,-0.4,2,3.5,2,14.3,0,56.2,LindPh00,2020,16.0,16.0,48.0,35.0,196.0,0.0,15.0,8.0,47.0,35.0,241.0,1.0
330,Austin Mack,NYG,23,,11,1,11,7,91,0,5.0,54,7.7,37,5.3,8.3,1,7.0,1,9.1,0,89.6,MackAu01,2020,,,,,,,,,,,,
331,Sony Michel,NWE,25,RB,9,6,9,7,114,1,5.0,4,0.6,110,15.7,-0.2,1,7.0,0,0.0,0,155.8,MichSo00,2020,16.0,14.0,20.0,12.0,94.0,0.0,13.0,8.0,11.0,7.0,50.0,0.0
332,Jaydon Mickens,TAM,26,,10,0,10,7,58,0,6.0,27,3.9,31,4.4,7.3,0,,0,0.0,0,84.6,MickJa01,2020,,,,,,,,,,,,
333,Foster Moreau,LVR,23,,16,2,9,7,140,2,5.0,89,12.7,51,7.3,12.1,0,,0,0.0,0,158.3,MoreFo00,2020,13.0,7.0,25.0,21.0,174.0,5.0,,,,,,
334,Equanimeous St. Brown,GNB,24,,12,1,13,7,117,1,6.0,58,8.3,59,8.4,12.1,1,7.0,2,15.4,0,110.1,St.BEq00,2020,,,,,,,12.0,7.0,36.0,21.0,328.0,0.0
335,Luke Stocker,ATL,32,TE,16,13,11,7,63,0,4.0,11,1.6,52,7.4,1.9,0,,1,9.1,0,79.0,StocLu00,2020,15.0,9.0,14.0,8.0,53.0,0.0,16.0,11.0,21.0,15.0,165.0,2.0
336,Darwin Thompson,KAN,23,,14,1,11,7,65,1,3.0,-23,-3.3,88,12.6,-2.6,2,3.5,1,9.1,0,110.0,ThomDa06,2020,12.0,0.0,10.0,9.0,43.0,0.0,,,,,,
337,Quez Watkins,PHI,22,,6,0,13,7,106,1,4.0,48,6.9,58,8.3,9.5,0,,2,15.4,0,106.6,WatkQu00,2020,,,,,,,,,,,,
338,Justin Watson,TAM,24,,11,2,11,7,94,0,5.0,75,10.7,19,2.7,9.6,0,,0,0.0,2,51.1,WatsJu01,2020,16.0,2.0,26.0,15.0,159.0,2.0,12.0,0.0,3.0,1.0,5.0,0.0
339,Deon Yelder,KAN,25,,14,1,11,7,36,0,2.0,6,0.9,30,4.3,5.2,0,,0,0.0,0,68.7,YeldDe00,2020,9.0,1.0,4.0,3.0,50.0,0.0,,,,,,
340,Josh Adams,NYJ,24,,8,0,8,6,29,0,2.0,5,0.8,24,4.0,0.1,0,,0,0.0,0,79.7,AdamJo03,2020,,,,,,,14.0,5.0,13.0,7.0,58.0,0.0
341,Saquon Barkley,NYG,23,,2,2,9,6,60,0,3.0,5,0.8,55,9.2,3.8,1,6.0,1,11.1,0,85.4,BarkSa00,2020,13.0,13.0,73.0,52.0,438.0,2.0,16.0,16.0,121.0,91.0,721.0,4.0
342,Dez Bryant,BAL,32,,6,0,11,6,47,2,3.0,13,2.2,34,5.7,4.7,0,,1,9.1,0,104.9,BryaDe01,2020,,,,,,,,,,,,
343,Parris Campbell,IND,23,,2,2,9,6,71,0,4.0,53,8.8,18,3.0,11.9,0,,0,0.0,1,50.9,CampPa00,2020,7.0,3.0,24.0,18.0,127.0,1.0,,,,,,
344,Tyrie Cleveland,DEN,23,,10,0,9,6,63,0,4.0,45,7.5,18,3.0,8.8,1,6.0,0,0.0,0,86.8,ClevTy00,2020,,,,,,,,,,,,
345,Tarik Cohen,CHI,25,,3,0,9,6,41,0,1.0,-20,-3.3,61,10.2,1.7,1,6.0,1,11.1,0,76.6,CoheTa00,2020,16.0,11.0,104.0,79.0,456.0,3.0,16.0,7.0,91.0,71.0,725.0,5.0
346,River Cracraft,SFO,26,,9,1,9,6,41,0,2.0,30,5.0,11,1.8,6.4,1,6.0,1,11.1,0,76.6,CracRi00,2020,,,,,,,8.0,0.0,2.0,1.0,44.0,0.0
347,Mark Ingram,BAL,31,RB,11,9,8,6,50,0,2.0,1,0.2,49,8.2,1.5,1,6.0,0,0.0,0,90.6,IngrMa01,2020,15.0,15.0,29.0,26.0,247.0,5.0,12.0,6.0,27.0,21.0,170.0,1.0
348,Alshon Jeffery,PHI,30,,7,2,13,6,115,1,5.0,90,15.0,25,4.2,13.2,0,,1,7.7,1,71.0,JeffAl00,2020,10.0,10.0,73.0,43.0,490.0,4.0,13.0,13.0,92.0,65.0,843.0,6.0
349,Nick Keizer,KAN,25,,16,3,9,6,63,0,2.0,23,3.8,40,6.7,9.0,0,,1,11.1,0,86.8,KeizNi00,2020,,,,,,,,,,,,
350,Chris Manhertz,CAR,28,TE,16,12,8,6,52,0,1.0,19,3.2,33,5.5,4.0,1,6.0,1,12.5,0,91.7,ManhCh00,2020,15.0,6.0,1.0,1.0,11.0,0.0,16.0,4.0,5.0,2.0,52.0,1.0
351,Anthony McFarland Jr.,PIT,21,,11,0,9,6,54,0,1.0,7,1.2,47,7.8,2.6,2,3.0,1,11.1,0,82.6,McFaAn00,2020,,,,,,,,,,,,
352,Laquon Treadwell,ATL,25,,5,0,7,6,49,2,4.0,36,6.0,13,2.2,5.6,1,6.0,0,0.0,0,135.4,TreaLa00,2020,13.0,1.0,16.0,9.0,184.0,1.0,15.0,7.0,53.0,35.0,302.0,1.0
353,Javon Wims,CHI,26,,13,1,12,6,48,1,4.0,44,7.3,4,0.7,14.8,0,,0,0.0,0,88.2,WimsJa00,2020,16.0,6.0,39.0,18.0,186.0,1.0,4.0,0.0,5.0,4.0,32.0,0.0
354,Alex Armah,CAR,26,,16,1,9,5,18,0,1.0,-2,-0.4,20,4.0,0.2,0,,3,33.3,0,60.9,ArmaAl00,2020,16.0,1.0,2.0,2.0,6.0,0.0,16.0,2.0,1.0,1.0,5.0,0.0
355,Tavon Austin,GNB,30,,4,0,5,5,20,0,1.0,-22,-4.4,42,8.4,-4.4,0,,0,0.0,0,83.3,AustTa00,2020,14.0,0.0,24.0,13.0,177.0,1.0,7.0,0.0,13.0,8.0,140.0,2.0
356,Ja'Marcus Bradley,CLE,24,,3,1,11,5,60,0,2.0,49,9.8,11,2.2,11.5,0,,0,0.0,0,62.7,BradJa01,2020,,,,,,,,,,,,
357,Cethan Carter,CIN,25,TE,15,5,7,5,53,0,3.0,43,8.6,10,2.0,7.7,0,,1,14.3,0,93.2,CartCe00,2020,15.0,0.0,3.0,2.0,13.0,1.0,,,,,,
358,Corey Clement,PHI,26,,15,0,6,5,25,0,2.0,-7,-1.4,32,6.4,-1.7,0,,1,16.7,0,84.0,ClemCo00,2020,,,,,,,11.0,0.0,25.0,22.0,192.0,0.0
359,Pharoh Cooper,CAR,25,,16,1,8,5,73,0,3.0,38,7.6,35,7.0,9.9,0,,0,0.0,0,92.2,CoopPh00,2020,13.0,1.0,33.0,25.0,243.0,1.0,,,,,,
360,Damien Harris,NWE,23,RB,10,10,7,5,52,0,4.0,-3,-0.6,55,11.0,-0.4,0,,0,0.0,1,53.0,HarrDa06,2020,,,,,,,,,,,,
361,Justice Hill,BAL,23,,12,0,5,5,20,0,0.0,-7,-1.4,27,5.4,-1.4,0,,0,0.0,0,83.3,HillJu00,2020,16.0,0.0,15.0,8.0,70.0,0.0,,,,,,
362,Steven Mitchell,HOU,26,,6,1,8,5,60,0,3.0,50,10.0,10,2.0,13.8,0,,0,0.0,0,85.4,MitcSt02,2020,3.0,1.0,6.0,2.0,37.0,0.0,,,,,,
363,Gabe Nabers,LAC,23,FB,16,5,7,5,25,2,2.0,2,0.4,23,4.6,0.9,0,,2,28.6,0,116.1,NabeGa00,2020,,,,,,,,,,,,
364,Gunner Olszewski+,NWE,24,,13,2,5,5,62,1,3.0,27,5.4,35,7.0,5.4,1,5.0,0,0.0,0,157.9,OlszGu00,2020,8.0,0.0,4.0,2.0,34.0,0.0,,,,,,
365,C.J. Prosise,HOU,26,,10,0,5,5,18,1,1.0,-8,-1.6,26,5.2,-1.6,0,,0,0.0,0,121.2,ProsC.00,2020,9.0,0.0,12.0,10.0,76.0,0.0,5.0,0.0,3.0,3.0,22.0,0.0
366,MyCole Pruitt,TEN,28,,11,4,8,5,49,2,4.0,36,7.2,13,2.6,8.4,0,,1,12.5,0,119.3,PruiMy00,2020,16.0,10.0,8.0,6.0,90.0,1.0,15.0,1.0,11.0,9.0,102.0,1.0
367,Theo Riddick,LVR,29,,4,0,6,5,43,0,1.0,10,2.0,33,6.6,1.7,0,,0,0.0,0,96.5,RiddTh00,2020,,,,,,,14.0,3.0,74.0,61.0,384.0,0.0
368,Darrius Shepherd,GNB,25,,8,0,8,5,46,0,1.0,28,5.6,18,3.6,15.0,0,,0,0.0,0,78.1,ShepDa00,2020,6.0,0.0,2.0,1.0,1.0,0.0,,,,,,
369,Trent Sherfield,ARI,24,,15,1,7,5,50,0,2.0,23,4.6,27,5.4,11.7,0,,0,0.0,1,51.8,SherTr00,2020,16.0,1.0,13.0,4.0,80.0,0.0,13.0,2.0,28.0,19.0,210.0,1.0
370,Malik Taylor,GNB,25,,15,1,6,5,66,1,4.0,19,3.8,47,9.4,6.7,0,,0,0.0,0,152.1,TaylMa01,2020,,,,,,,,,,,,
371,Levine Toilolo,NYG,29,,16,2,6,5,46,0,3.0,20,4.0,26,5.2,4.3,0,,0,0.0,0,98.6,ToilLe00,2020,13.0,0.0,2.0,2.0,10.0,0.0,16.0,10.0,24.0,21.0,263.0,1.0
372,Ke'Shawn Vaughn,TAM,23,,10,0,10,5,34,1,2.0,11,2.2,23,4.6,2.4,0,,3,30.0,0,91.2,VaugKe00,2020,,,,,,,,,,,,
373,DeAndre Washington,2TM,27,,4,1,10,5,30,0,2.0,7,1.4,23,4.6,2.6,0,,0,0.0,0,56.2,WashDe00,2020,16.0,3.0,41.0,36.0,292.0,0.0,10.0,0.0,1.0,1.0,9.0,0.0
374,Trayveon Williams,CIN,23,,10,0,5,5,30,0,1.0,-11,-2.2,41,8.2,-2.2,2,2.5,0,0.0,0,91.7,WillTr06,2020,,,,,,,,,,,,
375,JJ Arcega-Whiteside,PHI,24,,8,0,8,4,85,0,4.0,74,18.5,11,2.8,15.1,0,,1,12.5,1,48.4,ArceJJ00,2020,16.0,5.0,22.0,10.0,169.0,1.0,,,,,,
376,Peyton Barber,WAS,26,,16,2,7,4,12,0,1.0,1,0.3,11,2.8,0.1,0,,1,14.3,0,62.2,BarbPe01,2020,16.0,7.0,24.0,16.0,115.0,1.0,16.0,16.0,29.0,20.0,92.0,1.0
377,Khari Blasingame,TEN,24,FB,15,7,5,4,39,0,2.0,5,1.3,34,8.5,1.0,0,,1,20.0,0,99.2,BlasKh00,2020,6.0,3.0,5.0,4.0,54.0,0.0,,,,,,
378,Michael Burton,NOR,28,FB,15,4,4,4,28,0,1.0,6,1.5,22,5.5,1.5,0,,0,0.0,0,95.8,BurtMi00,2020,,,,,,,8.0,1.0,1.0,1.0,6.0,0.0
379,Tevin Coleman,SFO,27,,8,1,5,4,34,0,2.0,13,3.3,21,5.3,2.6,1,4.0,0,0.0,0,95.0,ColeTe01,2020,14.0,11.0,30.0,21.0,180.0,1.0,16.0,14.0,44.0,32.0,276.0,5.0
380,Juwan Johnson,NOR,24,,7,4,10,4,39,0,3.0,19,4.8,20,5.0,7.3,0,,1,10.0,0,51.7,JohnJu02,2020,,,,,,,,,,,,
381,Josh Malone,NYJ,24,,4,0,6,4,16,0,1.0,8,2.0,8,2.0,2.8,0,,1,16.7,0,70.1,MaloJo00,2020,,,,,,,9.0,0.0,5.0,1.0,12.0,0.0
382,Johnny Mundt,LAR,26,,16,1,4,4,53,0,1.0,8,2.0,45,11.3,2.0,2,2.0,0,0.0,0,118.7,MundJo00,2020,13.0,2.0,7.0,4.0,26.0,0.0,10.0,0.0,1.0,1.0,5.0,0.0
383,Dante Pettis,2TM,25,,7,1,6,4,76,1,3.0,70,17.5,6,1.5,18.3,0,,0,0.0,0,149.3,PettDa00,2020,11.0,4.0,24.0,11.0,109.0,2.0,12.0,7.0,45.0,27.0,467.0,5.0
384,Damion Ratley,NYG,25,,5,0,10,4,63,0,2.0,53,13.3,10,2.5,10.4,0,,0,0.0,1,22.1,RatlDa00,2020,13.0,3.0,24.0,12.0,200.0,1.0,13.0,3.0,20.0,13.0,144.0,0.0
385,Riley Ridley,CHI,24,,5,1,4,4,39,0,3.0,36,9.0,3,0.8,9.0,0,,0,0.0,0,107.3,RidlRi00,2020,5.0,0.0,7.0,6.0,69.0,0.0,,,,,,
386,Andre Roberts*,BUF,32,,15,0,5,4,34,0,2.0,29,7.3,5,1.3,9.6,0,,1,20.0,1,55.4,RobeAn00,2020,13.0,0.0,7.0,3.0,20.0,0.0,16.0,1.0,17.0,10.0,79.0,1.0
387,Seth Roberts,CAR,29,,7,1,6,4,31,0,2.0,9,2.3,22,5.5,7.3,1,4.0,0,0.0,0,79.2,RobeSe00,2020,16.0,0.0,35.0,21.0,271.0,2.0,15.0,7.0,64.0,45.0,494.0,2.0
388,Lee Smith,BUF,33,,10,2,6,4,35,2,3.0,15,3.8,20,5.0,3.7,0,,0,0.0,0,121.5,SmitLe00,2020,16.0,5.0,5.0,4.0,31.0,1.0,16.0,4.0,11.0,10.0,73.0,3.0
389,Jonathan Williams,DET,26,,5,0,4,4,21,0,2.0,-2,-0.5,23,5.8,-0.5,0,,0,0.0,0,88.5,WillJo07,2020,9.0,1.0,5.0,5.0,59.0,0.0,3.0,0.0,1.0,1.0,1.0,0.0
390,Deontay Burnett,PHI,23,,2,0,4,3,19,0,1.0,15,5.0,4,1.3,3.8,0,,0,0.0,0,84.4,BurnDe00,2020,1.0,1.0,4.0,2.0,48.0,0.0,5.0,1.0,15.0,10.0,143.0,0.0
391,Trenton Cannon,CAR,26,,14,0,3,3,16,0,1.0,3,1.0,13,4.3,1.0,1,3.0,0,0.0,0,88.9,CannTr00,2020,,,,,,,16.0,0.0,25.0,17.0,144.0,0.0
392,Austin Carr,NOR,27,,6,0,4,3,27,1,3.0,16,5.3,11,3.7,8.0,0,,0,0.0,0,132.3,CarrAu00,2020,6.0,3.0,4.0,1.0,9.0,0.0,14.0,2.0,14.0,9.0,97.0,2.0
393,Ashton Dulin,IND,23,,13,0,6,3,53,0,2.0,25,8.3,28,9.3,5.2,0,,0,0.0,0,80.6,DuliAs00,2020,13.0,0.0,2.0,2.0,17.0,0.0,,,,,,
394,Ted Ginn Jr.,CHI,35,,6,0,6,3,40,0,1.0,30,10.0,10,3.3,20.2,0,,0,0.0,0,71.5,GinnTe00,2020,16.0,9.0,56.0,30.0,421.0,2.0,5.0,3.0,30.0,17.0,209.0,2.0
395,Terry Godwin,JAX,24,,3,0,6,3,32,0,2.0,29,9.7,3,1.0,11.7,0,,1,16.7,0,66.0,GodwTe00,2020,,,,,,,,,,,,
396,Jaeden Graham,ATL,25,,16,0,5,3,25,0,1.0,11,3.7,14,4.7,3.6,0,,1,20.0,0,72.9,GrahJa01,2020,16.0,0.0,10.0,9.0,149.0,1.0,,,,,,
397,Virgil Green,LAC,32,,6,3,6,3,50,1,2.0,27,9.0,23,7.7,11.8,0,,1,16.7,0,118.1,GreeVi00,2020,15.0,4.0,13.0,9.0,78.0,1.0,16.0,16.0,27.0,19.0,210.0,1.0
398,Tanner Hudson,TAM,26,,11,0,7,3,41,0,3.0,29,9.7,12,4.0,15.4,0,,0,0.0,0,62.2,HudsTa00,2020,9.0,1.0,5.0,2.0,26.0,0.0,,,,,,
399,Lil'Jordan Humphrey,NOR,22,,3,1,5,3,46,1,3.0,36,12.0,10,3.3,10.6,1,3.0,0,0.0,1,90.4,HumpLi01,2020,,,,,,,,,,,,
400,D'Ernest Johnson,CLE,24,,16,0,4,3,14,0,0.0,2,0.7,12,4.0,0.0,0,,1,25.0,0,79.2,JohnDE04,2020,16.0,0.0,7.0,6.0,71.0,0.0,,,,,,
401,Dalton Keene,NWE,21,,6,0,5,3,16,0,,15,5.0,1,0.3,8.8,0,,0,0.0,0,65.4,KeenDa00,2020,,,,,,,,,,,,
402,Marlon Mack,IND,24,,1,1,3,3,30,0,1.0,-1,-0.3,31,10.3,-0.3,0,,0,0.0,0,108.3,MackMa00,2020,14.0,12.0,17.0,14.0,82.0,0.0,12.0,10.0,26.0,17.0,103.0,1.0
403,Ty Montgomery,NOR,27,,6,1,6,3,27,0,1.0,-6,-2.0,33,11.0,1.7,0,,1,16.7,0,62.5,MontTy01,2020,16.0,2.0,17.0,13.0,90.0,0.0,13.0,0.0,40.0,25.0,235.0,0.0
404,Alfred Morris,NYG,32,,9,0,4,3,19,1,2.0,2,0.7,17,5.7,1.0,1,3.0,0,0.0,0,124.0,MorrAl00,2020,,,,,,,12.0,1.0,13.0,8.0,73.0,0.0
405,Eric Saubert,JAX,26,,8,4,4,3,16,0,,9,3.0,7,2.3,3.3,0,,0,0.0,1,41.7,SaubEr00,2020,2.0,0.0,3.0,2.0,21.0,0.0,16.0,1.0,9.0,5.0,48.0,0.0
406,Diontae Spencer,DEN,28,,11,0,6,3,26,0,1.0,14,4.7,12,4.0,5.5,0,,0,0.0,0,61.8,SpenDi00,2020,16.0,2.0,8.0,6.0,31.0,0.0,,,,,,
407,Courtland Sutton,DEN,25,,1,1,6,3,66,0,2.0,59,19.7,7,2.3,17.7,0,,1,16.7,1,50.0,SuttCo00,2020,16.0,14.0,124.0,72.0,1112.0,6.0,16.0,9.0,84.0,42.0,704.0,4.0
408,Kahale Warring,HOU,23,,7,0,7,3,35,0,2.0,27,9.0,8,2.7,8.3,0,,1,14.3,0,58.6,WarrKa00,2020,,,,,,,,,,,,
409,Nick Westbrook-Ikhine,TEN,23,,14,1,8,3,33,0,3.0,28,9.3,5,1.7,10.3,0,,0,0.0,1,10.9,WestNi00,2020,,,,,,,,,,,,
410,Charlie Woerner,SFO,23,,14,0,4,3,36,0,2.0,11,3.7,25,8.3,2.5,1,3.0,0,0.0,0,102.1,WoerCh00,2020,,,,,,,,,,,,
411,Brandon Zylstra,CAR,27,,16,2,4,3,35,0,3.0,20,6.7,15,5.0,13.8,0,,0,0.0,0,101.0,ZylsBr00,2020,8.0,0.0,12.0,8.0,106.0,0.0,16.0,0.0,2.0,1.0,23.0,0.0
412,Devin Asiasi,NWE,23,,9,3,7,2,39,1,2.0,33,16.5,6,3.0,9.6,0,,1,14.3,0,89.9,AsiaDe00,2020,,,,,,,,,,,,
413,Reggie Bonnafon,CAR,24,,2,0,2,2,18,1,2.0,-2,-1.0,20,10.0,-1.0,0,,0,0.0,0,143.7,BonnRe00,2020,16.0,0.0,9.0,6.0,57.0,0.0,,,,,,
414,Mike Boone,MIN,25,,16,0,2,2,10,0,0.0,-7,-3.5,17,8.5,-3.5,0,,0,0.0,0,87.5,BoonMi00,2020,16.0,2.0,4.0,3.0,17.0,0.0,8.0,0.0,3.0,2.0,1.0,0.0
415,Daniel Brown,NYJ,28,,16,1,2,2,31,0,2.0,10,5.0,21,10.5,5.0,0,,0,0.0,0,118.7,BrowDa04,2020,16.0,5.0,11.0,7.0,72.0,1.0,,,,,,
416,Jake Butt,DEN,25,,5,1,4,2,5,0,,3,1.5,2,1.0,1.8,0,,1,25.0,0,56.2,ButtJa00,2020,,,,,,,3.0,3.0,13.0,8.0,85.0,0.0
417,Jason Cabinda,DET,24,,16,2,3,2,8,0,1.0,2,1.0,6,3.0,-1.3,0,,0,0.0,1,30.6,CabiJa00,2020,,,,,,,,,,,,
418,Lawrence Cager,NYJ,23,,2,1,6,2,35,0,2.0,21,10.5,14,7.0,14.0,0,,0,0.0,2,14.6,CageLa01,2020,,,,,,,,,,,,
419,Antonio Callaway,MIA,23,,5,1,4,2,20,0,1.0,17,8.5,3,1.5,7.0,0,,0,0.0,0,64.6,CallAn00,2020,4.0,2.0,15.0,8.0,89.0,0.0,16.0,11.0,79.0,43.0,586.0,5.0
420,Chandler Cox,MIA,24,,8,3,2,2,9,0,1.0,2,1.0,7,3.5,1.0,0,,0,0.0,0,85.4,CoxxCh01,2020,,,,,,,,,,,,
421,Dominique Dafney,GNB,23,,5,2,2,2,26,1,2.0,16,8.0,10,5.0,8.0,0,,0,0.0,0,158.3,DafnDo00,2020,,,,,,,,,,,,
422,AJ Dillon,GNB,22,,11,0,2,2,21,0,1.0,5,2.5,16,8.0,2.5,1,2.0,0,0.0,0,110.4,DillAJ00,2020,,,,,,,,,,,,
423,Darrynton Evans,TEN,22,,5,0,4,2,27,1,2.0,-2,-1.0,29,14.5,-0.5,0,,0,0.0,0,111.5,EvanDa02,2020,,,,,,,,,,,,
424,Robert Foster,WAS,26,,4,2,6,2,37,0,2.0,5,2.5,32,16.0,14.0,1,2.0,1,16.7,0,55.6,FostRo01,2020,13.0,2.0,18.0,3.0,64.0,0.0,13.0,3.0,44.0,27.0,541.0,3.0
425,Daurice Fountain,IND,25,,5,0,3,2,23,0,2.0,23,11.5,0,0.0,9.3,0,,0,0.0,0,89.6,FounDa00,2020,,,,,,,,,,,,
426,Bennie Fowler,NOR,29,,5,0,6,2,11,0,1.0,10,5.0,1,0.5,7.8,0,,1,16.7,1,2.8,FowlBe00,2020,8.0,2.0,36.0,23.0,193.0,0.0,10.0,5.0,27.0,16.0,199.0,1.0
427,Reggie Gilliam,BUF,23,,14,0,2,2,16,1,2.0,8,4.0,8,4.0,4.0,0,,0,0.0,0,139.6,GillRe00,2020,,,,,,,,,,,,
428,Andy Janovich,CLE,27,,14,3,5,2,13,0,1.0,1,0.5,12,6.0,1.8,1,2.0,2,40.0,0,47.9,JanoAn00,2020,7.0,3.0,5.0,5.0,42.0,0.0,16.0,7.0,10.0,8.0,112.0,1.0
429,Lamar Miller,CHI,29,,1,0,2,2,6,0,1.0,2,1.0,4,2.0,1.0,0,,0,0.0,0,79.2,MillLa01,2020,,,,,,,14.0,14.0,35.0,25.0,163.0,1.0
430,Cam Newton,NWE,31,QB,15,15,2,2,35,1,2.0,17,8.5,18,9.0,8.5,0,,0,0.0,0,158.3,NewtCa00,2020,,,,,,,,,,,,
431,Colby Parkinson,SEA,21,,6,0,2,2,16,0,2.0,11,5.5,5,2.5,5.5,1,2.0,0,0.0,0,100.0,ParkCo02,2020,,,,,,,,,,,,
432,Elijhaa Penny,NYG,27,,14,0,3,2,20,0,1.0,4,2.0,16,8.0,1.3,0,,0,0.0,0,85.4,PennEl00,2020,16.0,1.0,4.0,2.0,9.0,0.0,14.0,3.0,9.0,8.0,50.0,0.0
433,John Ross,CIN,25,,3,1,7,2,17,0,1.0,14,7.0,3,1.5,12.0,0,,1,14.3,0,39.6,RossJo00,2020,8.0,8.0,56.0,28.0,506.0,3.0,13.0,10.0,58.0,21.0,210.0,7.0
434,Isaiah Zuber,NWE,23,,4,0,2,2,29,0,1.0,-1,-0.5,30,15.0,-0.5,1,2.0,0,0.0,0,118.7,ZubeIs00,2020,,,,,,,,,,,,
435,Josh Allen*,BUF,24,QB,16,16,1,1,12,1,1.0,-5,-5.0,17,17.0,-5.0,1,1.0,0,0.0,0,156.2,AlleJo02,2020,,,,,,,,,,,,
436,Marcus Baugh,WAS,26,,8,1,1,1,2,0,,0,0.0,2,2.0,0.0,0,,0,0.0,0,79.2,BaugMa02,2020,,,,,,,,,,,,
437,LeVante Bellamy,DEN,24,,5,0,1,1,5,0,,0,0.0,5,5.0,0.0,0,,0,0.0,0,87.5,BellLe02,2020,,,,,,,,,,,,
438,Nick Bellore*,SEA,31,,16,0,1,1,9,0,1.0,3,3.0,6,6.0,3.0,0,,0,0.0,0,104.2,BellNi01,2020,14.0,1.0,2.0,2.0,23.0,1.0,14.0,4.0,4.0,4.0,15.0,0.0
439,Hunter Bryant,DET,22,,5,0,3,1,44,0,1.0,32,32.0,12,12.0,22.3,0,,0,0.0,0,81.9,BryaHu02,2020,,,,,,,,,,,,
440,Stephen Carlson,CLE,24,,16,2,2,1,11,0,1.0,0,0.0,11,11.0,0.0,0,,0,0.0,0,66.7,CarlSt00,2020,9.0,5.0,7.0,5.0,51.0,1.0,,,,,,
441,Derek Carrier,LVR,30,,16,0,1,1,14,0,1.0,-4,-4.0,18,18.0,-4.0,1,1.0,0,0.0,0,118.7,CarrDe00,2020,16.0,4.0,19.0,13.0,108.0,1.0,16.0,2.0,12.0,7.0,67.0,1.0
442,DeAndre Carter,2TM,27,,13,0,2,1,8,0,,4,4.0,4,4.0,8.0,0,,1,50.0,0,60.4,CartDe02,2020,16.0,3.0,14.0,11.0,162.0,0.0,14.0,4.0,25.0,22.0,216.0,0.0
443,Alex Collins,SEA,26,,3,1,2,1,4,0,0.0,3,3.0,1,1.0,5.5,0,,0,0.0,0,56.2,CollAl00,2020,,,,,,,10.0,10.0,21.0,15.0,105.0,1.0
444,Jason Croom,PHI,26,,4,0,1,1,3,1,1.0,3,3.0,0,0.0,3.0,0,,0,0.0,0,118.7,CrooJa00,2020,,,,,,,15.0,3.0,35.0,22.0,259.0,1.0
445,Andy Dalton,DAL,33,QB,11,9,1,1,-3,0,0.0,-7,-7.0,4,4.0,-7.0,0,,0,0.0,0,79.2,DaltAn00,2020,13.0,13.0,1.0,1.0,-4.0,0.0,,,,,,
446,Josiah Deguara,GNB,23,,2,1,2,1,12,0,1.0,1,1.0,11,11.0,12.0,0,,0,0.0,0,68.7,DeguJo00,2020,,,,,,,,,,,,
447,Gehrig Dieter,KAN,27,,4,0,2,1,10,0,1.0,5,5.0,5,5.0,7.5,0,,0,0.0,0,64.6,DietGe00,2020,,,,,,,4.0,0.0,3.0,1.0,22.0,0.0
448,Brandon Dillon,MIN,23,,3,0,1,1,6,0,,5,5.0,1,1.0,5.0,0,,0,0.0,0,91.7,DillBr00,2020,,,,,,,,,,,,
449,Ben Ellefson,JAX,24,,7,4,4,1,10,0,1.0,7,7.0,3,3.0,11.3,0,,1,25.0,1,0.0,ElleBe00,2020,,,,,,,,,,,,
450,Eric Fisher*,KAN,29,LT,15,15,1,1,2,1,1.0,1,1.0,1,1.0,1.0,0,,0,0.0,0,118.7,FishEr00,2020,,,,,,,,,,,,
451,Ryan Fitzpatrick,MIA,38,QB,9,7,1,1,0,0,0.0,-4,-4.0,4,4.0,-4.0,0,,0,0.0,0,79.2,FitzRy00,2020,,,,,,,,,,,,
452,D'Onta Foreman,TEN,24,,6,0,1,1,5,1,1.0,2,2.0,3,3.0,2.0,0,,0,0.0,0,127.1,ForeDO00,2020,,,,,,,1.0,0.0,2.0,2.0,28.0,1.0
453,D.J. Foster,ARI,27,,10,0,1,1,7,0,1.0,4,4.0,3,3.0,4.0,0,,0,0.0,0,95.8,FostD.01,2020,,,,,,,,,,,,
454,Antonio Gandy-Golden,WAS,22,,6,2,7,1,3,0,0.0,2,2.0,1,1.0,11.3,0,,1,14.3,0,39.6,GandAn00,2020,,,,,,,,,,,,
455,Cullen Gillaspia,HOU,25,,7,0,1,1,6,0,,-2,-2.0,8,8.0,-2.0,0,,0,0.0,0,91.7,GillCu00,2020,,,,,,,,,,,,
456,Penny Hart,SEA,24,,13,0,1,1,3,0,0.0,-1,-1.0,4,4.0,-1.0,0,,0,0.0,0,79.2,HartPe01,2020,,,,,,,,,,,,
457,Temarrick Hemingway,WAS,27,,8,0,2,1,10,0,1.0,4,4.0,6,6.0,3.5,0,,0,0.0,0,64.6,HemiTe00,2020,,,,,,,,,,,,
458,Dontrell Hilliard,2TM,25,,7,0,1,1,2,0,0.0,0,0.0,2,2.0,0.0,0,,0,0.0,0,79.2,HillDo00,2020,14.0,0.0,15.0,12.0,92.0,0.0,11.0,0.0,10.0,9.0,105.0,0.0
459,Cody Hollister,TEN,27,,2,0,1,1,12,0,1.0,10,10.0,2,2.0,10.0,0,,0,0.0,0,116.7,HollCo00,2020,5.0,0.0,2.0,2.0,13.0,0.0,,,,,,
460,Jordan Howard,2TM,26,,7,4,1,1,-3,0,0.0,-3,-3.0,0,0.0,-4.0,0,,0,0.0,0,79.2,HowaJo00,2020,10.0,4.0,14.0,10.0,69.0,1.0,16.0,15.0,26.0,20.0,145.0,0.0
461,Buddy Howell,HOU,24,,14,0,2,1,3,0,0.0,-4,-4.0,7,7.0,9.5,0,,1,50.0,0,56.2,HoweGr00,2020,,,,,,,,,,,,
462,Jason Huntley,PHI,22,,5,0,2,1,0,0,0.0,-1,-1.0,1,1.0,-0.5,0,,0,0.0,0,56.2,HuntJa01,2020,,,,,,,,,,,,
463,Jalen Hurts,PHI,22,,15,4,1,1,3,0,0.0,-6,-6.0,9,9.0,-6.0,1,1.0,0,0.0,0,79.2,HurtJa00,2020,,,,,,,,,,,,
464,Trenton Irwin,CIN,25,,1,0,2,1,5,0,,4,4.0,1,1.0,6.0,0,,1,50.0,0,56.2,IrwiTr00,2020,,,,,,,,,,,,
465,Blake Jarwin,DAL,26,,1,1,1,1,12,0,1.0,12,12.0,0,0.0,12.0,0,,0,0.0,0,116.7,JarwBl00,2020,16.0,7.0,41.0,31.0,365.0,3.0,16.0,4.0,36.0,27.0,307.0,3.0
466,Marcus Kemp,2TM,25,,11,0,1,1,11,0,1.0,1,1.0,10,10.0,1.0,0,,0,0.0,0,112.5,KempMa00,2020,,,,,,,16.0,0.0,2.0,1.0,7.0,0.0
467,Adrian Killins,PHI,22,,1,0,1,1,2,0,,-4,-4.0,6,6.0,-4.0,0,,0,0.0,0,79.2,KillAd00,2020,,,,,,,,,,,,
468,Keith Kirkwood,CAR,26,,1,0,2,1,13,0,,4,4.0,9,9.0,16.0,1,1.0,0,0.0,0,70.8,KirkKe00,2020,,,,,,,8.0,1.0,21.0,13.0,209.0,2.0
469,Jake Kumerow,BUF,28,,6,0,1,1,22,1,1.0,22,22.0,0,0.0,22.0,0,,0,0.0,0,158.3,KumeJa00,2020,14.0,4.0,21.0,12.0,219.0,1.0,5.0,2.0,11.0,8.0,103.0,1.0
470,Kendall Lamm,CLE,28,,15,1,1,1,1,1,1.0,1,1.0,0,0.0,1.0,0,,0,0.0,0,118.7,LammKe00,2020,,,,,,,,,,,,
471,Tommylee Lewis,NOR,28,,5,0,3,1,5,0,0.0,5,5.0,0,0.0,12.7,0,,1,33.3,0,42.4,LewiTo00,2020,,,,,,,7.0,3.0,3.0,3.0,60.0,1.0
472,Bobby Massie,CHI,31,RT,8,8,1,1,4,0,1.0,3,3.0,1,1.0,3.0,0,,0,0.0,0,83.3,MassBo00,2020,,,,,,,,,,,,
473,Baker Mayfield,CLE,25,QB,16,16,1,1,6,0,1.0,5,5.0,1,1.0,5.0,0,,0,0.0,0,91.7,MayfBa00,2020,,,,,,,,,,,,
474,Bruce Miller,JAX,33,FB,8,5,2,1,2,0,1.0,-1,-1.0,3,3.0,-1.5,0,,1,50.0,0,56.2,MillBr02,2020,,,,,,,,,,,,
475,Gardner Minshew II,JAX,24,QB,9,8,1,1,0,0,0.0,-8,-8.0,8,8.0,-8.0,0,,0,0.0,0,79.2,MinsGa00,2020,,,,,,,,,,,,
476,Donte Moncrief,NWE,27,,6,0,2,1,15,0,1.0,1,1.0,14,14.0,2.5,0,,0,0.0,0,75.0,MoncDo00,2020,8.0,2.0,15.0,4.0,18.0,0.0,16.0,14.0,89.0,48.0,668.0,3.0
477,Isaac Nauta,DET,23,,7,0,2,1,3,0,,3,3.0,0,0.0,1.5,0,,0,0.0,0,56.2,NautIs00,2020,6.0,0.0,3.0,2.0,13.0,0.0,,,,,,
478,Siran Neal,BUF,26,,16,0,1,1,13,0,1.0,10,10.0,3,3.0,10.0,0,,0,0.0,0,118.7,NealSi00,2020,,,,,,,,,,,,
479,Scottie Phillips,HOU,23,,8,0,1,1,7,0,,3,3.0,4,4.0,3.0,0,,0,0.0,0,95.8,PhilSc01,2020,,,,,,,,,,,,
480,Dak Prescott,DAL,27,QB,5,5,1,1,11,1,1.0,10,10.0,1,1.0,10.0,0,,0,0.0,0,152.1,PresDa01,2020,,,,,,,,,,,,
481,James Proche,BAL,24,,14,0,3,1,14,0,1.0,6,6.0,8,8.0,4.0,0,,0,0.0,2,9.7,ProcJa00,2020,,,,,,,,,,,,
482,Craig Reynolds,JAX,24,,2,0,1,1,3,0,,1,1.0,2,2.0,1.0,0,,0,0.0,0,79.2,ReynCr00,2020,,,,,,,,,,,,
483,Aaron Rodgers*+,GNB,37,QB,16,16,1,1,-6,0,0.0,-4,-4.0,-2,-2.0,-4.0,0,,0,0.0,0,79.2,RodgAa00,2020,,,,,,,,,,,,
484,Jaleel Scott,NYJ,25,,1,1,1,1,16,0,1.0,13,13.0,3,3.0,13.0,0,,0,0.0,0,118.7,ScotJa02,2020,3.0,0.0,3.0,1.0,6.0,0.0,,,,,,
485,Anthony Sherman,KAN,32,,13,1,2,1,5,1,1.0,-2,-2.0,7,7.0,4.0,0,,1,50.0,0,95.8,SherAn00,2020,16.0,0.0,3.0,2.0,22.0,0.0,16.0,1.0,9.0,8.0,96.0,1.0
486,Vyncint Smith,NYJ,24,,7,0,3,1,13,0,1.0,12,12.0,1,1.0,13.0,0,,0,0.0,0,47.9,SmitVy00,2020,13.0,4.0,31.0,17.0,225.0,0.0,7.0,1.0,10.0,5.0,91.0,1.0
487,Jeremy Sprinkle,WAS,26,TE,16,6,3,1,6,0,,3,3.0,3,3.0,2.0,0,,1,33.3,0,42.4,SpriJe00,2020,16.0,13.0,40.0,26.0,241.0,1.0,16.0,9.0,9.0,5.0,41.0,1.0
488,Ryan Tannehill,TEN,32,QB,16,16,1,1,0,0,0.0,0,0.0,0,0.0,0.0,0,,0,0.0,0,79.2,TannRy00,2020,,,,,,,11.0,11.0,1.0,1.0,3.0,1.0
489,J.J. Taylor,NWE,22,,6,0,2,1,4,0,0.0,-4,-4.0,8,8.0,-3.5,0,,1,50.0,0,56.2,TaylJJ01,2020,,,,,,,,,,,,
490,Jordan Thomas,2TM,24,,6,0,2,1,3,1,1.0,3,3.0,0,0.0,7.5,0,,0,0.0,0,95.8,ThomJo05,2020,5.0,2.0,3.0,1.0,8.0,0.0,16.0,10.0,27.0,20.0,215.0,4.0
491,Colin Thompson,CAR,27,,15,4,2,1,7,1,1.0,7,7.0,0,0.0,3.0,0,,0,0.0,0,97.9,ThomCo03,2020,,,,,,,,,,,,
492,Zeke Turner,ARI,24,,16,0,1,1,26,0,1.0,14,14.0,12,12.0,14.0,0,,0,0.0,0,118.7,TurnZe00,2020,,,,,,,,,,,,
493,Austin Walter,SFO,24,,4,0,1,1,27,0,1.0,-6,-6.0,33,33.0,-6.0,0,,0,0.0,0,118.7,WaltAu00,2020,,,,,,,,,,,,
494,Jonathan Ward,ARI,23,,14,0,1,1,11,1,1.0,-4,-4.0,15,15.0,-4.0,0,,0,0.0,0,152.1,WardJo00,2020,,,,,,,,,,,,
495,Trevon Wesco,NYJ,25,,12,4,2,1,5,0,,5,5.0,0,0.0,3.5,0,,0,0.0,0,56.2,WescTr00,2020,16.0,1.0,3.0,2.0,47.0,0.0,,,,,,
496,Dede Westbrook,JAX,27,,2,0,1,1,4,0,,4,4.0,0,0.0,4.0,0,,0,0.0,0,83.3,WestDe00,2020,15.0,11.0,101.0,66.0,660.0,3.0,16.0,9.0,101.0,66.0,717.0,5.0
497,Antonio Williams,BUF,23,,1,0,1,1,20,0,1.0,4,4.0,16,16.0,4.0,0,,0,0.0,0,118.7,WillAn03,2020,,,,,,,,,,,,
498,Luke Willson,2TM,30,,8,0,3,1,12,0,,10,10.0,2,2.0,4.3,0,,0,0.0,0,46.5,WillLu00,2020,8.0,7.0,10.0,8.0,79.0,0.0,14.0,8.0,19.0,13.0,87.0,0.0
499,T.J. Yeldon,BUF,27,,3,0,4,1,22,1,1.0,22,22.0,0,0.0,3.5,0,,1,25.0,0,89.6,YeldT.00,2020,6.0,0.0,15.0,13.0,124.0,0.0,14.0,5.0,78.0,55.0,487.0,4.0
